,PLAYER_NAME,TOTAL_MADE_SHOTS,TOTAL_ATTEMPTED_SHOTS,TOTAL_MISSED_SHOTS,In The Paint (Non-RA) - Center,Above the Break 3 - Center,Restricted Area - Center,Above the Break 3 - Left Side Center,Above the Break 3 - Right Side Center,Mid-Range - Center,In The Paint (Non-RA) - Right Side,Right Corner 3 - Right Side,Mid-Range - Right Side,In The Paint (Non-RA) - Left Side,Left Corner 3 - Left Side,Mid-Range - Left Side,Mid-Range - Right Side Center,Mid-Range - Left Side Center,Backcourt - Back Court,Above the Break 3 - Back Court,Dunk,Hook,Fadeaway,Step Back,Cutting,Turnaround,Floater,Jumpshot,Driving,MP,FG,FGA,FG%,3P,3PA,3P%,2P,2PA,2P%,eFG%,FT,FTA,FT%,ORB,DRB,TRB,AST,STL,BLK,TOV,PF,PTS,height
0,Jordan Poole,490,1186,696,169,142,241,223,130,44,18,30,43,21,35,41,20,25,4,0,10,7,38,148,16,17,150,863,320,30.1,6.3,15.2,0.413,2.4,7.2,0.326,3.9,8,0.492,0.491,2.5,2.8,0.877,0.4,2.3,2.7,4.4,1.1,0.3,2.4,3.1,17.4,193
1,Deni Avdija,406,803,397,162,53,349,56,57,12,10,33,15,5,33,5,4,6,3,0,46,9,14,43,42,18,81,375,277,30.1,5.4,10.7,0.506,1.2,3.1,0.374,4.2,7.6,0.56,0.56,2.7,3.6,0.74,1.1,6.1,7.2,3.8,0.8,0.5,2.1,2.5,14.7,206
2,Tyus Jones,326,666,340,180,42,103,87,62,14,15,22,13,30,43,39,10,6,0,0,0,1,5,11,7,1,248,557,257,29.3,4.9,10.1,0.489,1.6,3.9,0.414,3.3,6.2,0.537,0.569,0.5,0.6,0.8,0.3,2.4,2.7,7.3,1.1,0.3,1,0.7,12,185
3,Kyle Kuzma,608,1313,705,281,110,335,135,95,35,38,43,46,32,66,54,22,20,1,0,61,78,104,60,29,146,158,786,352,32.6,8.7,18.8,0.463,2.2,6.4,0.336,6.5,12.3,0.53,0.521,2.7,3.4,0.775,0.9,5.7,6.6,4.2,0.5,0.7,2.7,2.2,22.2,206
4,Landry Shamet,118,274,156,31,31,52,33,46,5,2,30,7,0,17,8,8,4,0,0,12,0,5,5,8,5,11,206,41,15.8,2.6,6,0.431,1.2,3.4,0.338,1.4,2.5,0.556,0.527,0.8,1,0.826,0.3,1,1.3,1.2,0.5,0.2,0.7,1.7,7.1,193
5,Daniel Gafford,348,480,132,87,0,378,0,0,5,2,0,1,3,0,3,1,0,0,0,188,41,5,0,99,22,21,39,43,24.5,4.7,6.5,0.725,0,0,,4.7,6.5,0.725,0.725,1.6,2.4,0.674,2.6,5,7.6,1.6,0.9,2.1,1,3.1,11,208
6,Bilal Coulibaly,188,432,244,52,13,163,34,42,7,3,54,9,3,42,2,7,1,0,0,58,4,1,4,21,2,21,235,93,27.2,3,6.9,0.435,1,2.9,0.346,2,3.9,0.502,0.509,1.5,2.1,0.702,0.9,3.2,4.1,1.7,0.9,0.8,1.4,2.2,8.4,198
7,Corey Kispert,386,794,408,91,96,192,158,116,6,6,50,6,3,58,6,3,1,2,0,24,4,4,24,39,5,58,560,181,25.8,4.8,9.9,0.486,2.3,6,0.383,2.5,3.9,0.643,0.602,1.4,2,0.726,0.4,2.4,2.8,2,0.5,0.2,1.2,1.8,13.4,201
8,Jared Butler,98,201,103,42,12,62,17,33,2,2,5,5,5,8,2,2,1,3,0,2,4,1,17,6,1,29,115,84,14.2,2.5,5,0.488,0.6,2,0.308,1.9,3.1,0.602,0.547,0.8,0.9,0.861,0.2,1.2,1.5,3.2,0.7,0.2,1.3,1.5,6.3,190
9,Marvin Bagley III,239,408,169,91,9,261,4,3,8,0,5,8,2,2,11,2,2,0,0,77,41,5,0,43,17,32,95,82,21.1,4.8,8.2,0.586,0.2,0.5,0.391,4.6,7.7,0.597,0.597,1.9,2.5,0.762,2.6,3.6,6.2,1.1,0.4,0.7,1.2,1.6,11.7,208
10,Lauri Markkanen,427,890,463,157,107,206,147,101,14,13,38,12,16,45,19,7,7,1,0,87,20,37,24,42,54,50,584,108,33.1,7.8,16.2,0.48,3.2,8,0.399,4.6,8.2,0.559,0.578,4.5,5,0.899,2.2,5.9,8.2,2,0.9,0.5,1.4,1.8,23.2,213
11,Ochai Agbaji,178,433,255,51,13,153,54,44,3,1,49,6,1,50,4,2,1,1,0,37,5,5,11,19,3,13,244,63,21,2.3,5.6,0.411,0.8,2.7,0.294,1.5,2.8,0.523,0.483,0.5,0.7,0.661,0.9,1.8,2.8,1.1,0.6,0.6,0.8,1.5,5.8,196
12,Keyonte George,319,815,496,149,124,92,127,128,19,20,24,31,17,34,20,12,15,3,0,12,0,6,39,10,2,150,656,240,27,4.3,10.9,0.391,2,5.9,0.334,2.3,5,0.459,0.482,2.5,3,0.848,0.2,2.6,2.8,4.4,0.5,0.1,2.5,1.2,13,193
13,Jordan Clarkson,337,816,479,235,77,136,99,84,15,33,22,29,16,20,21,7,14,8,0,14,19,39,57,14,35,159,605,233,30.6,6.1,14.8,0.413,1.7,5.6,0.294,4.5,9.2,0.485,0.469,3.2,3.7,0.881,0.9,2.5,3.4,5,0.6,0.1,2.7,1.5,17.1,190
14,Collin Sexton,506,1038,532,298,76,283,82,89,24,22,32,18,19,44,29,12,8,2,0,28,9,25,40,23,30,146,632,314,26.6,6.5,13.3,0.487,1.6,4.2,0.394,4.8,9.1,0.53,0.549,4.1,4.7,0.859,0.9,1.7,2.6,4.9,0.8,0.2,2.1,2,18.7,190
15,John Collins,397,746,349,146,23,289,54,52,3,13,69,24,9,34,13,10,7,0,0,112,39,8,5,62,43,56,351,125,28,5.8,11,0.532,1.3,3.4,0.371,4.6,7.6,0.605,0.59,2.2,2.7,0.795,2.3,6.1,8.5,1.1,0.6,0.9,1.4,2.8,15.1,206
16,Talen Horton-Tucker,184,465,281,95,32,133,68,42,5,8,16,12,7,22,16,4,3,2,0,17,3,36,38,2,19,37,258,168,19.8,3.6,9.1,0.396,1.2,3.6,0.33,2.4,5.5,0.438,0.46,1.7,2.1,0.807,0.4,2,2.4,3.5,0.9,0.4,1.3,1.8,10.1,193
17,Kelly Olynyk,276,497,221,78,28,210,40,58,9,4,18,12,3,11,12,6,8,0,0,8,26,10,13,26,30,34,232,101,22.6,3.5,6.4,0.555,0.8,2,0.387,2.8,4.4,0.632,0.616,1.9,2.3,0.833,1.4,3.9,5.3,4.4,0.9,0.4,1.9,2.9,9.8,211
18,Simone Fontecchio,252,548,296,71,26,120,78,80,5,1,77,9,2,73,6,0,0,0,0,27,5,5,22,9,1,34,387,104,24.9,3.8,8.3,0.46,2,5.1,0.401,1.8,3.2,0.551,0.582,0.8,1,0.818,1,2.8,3.7,1.5,0.7,0.3,1,1.7,10.5,203
19,Kris Dunn,147,313,166,107,12,76,27,31,2,9,21,3,3,19,2,0,0,1,0,17,6,2,3,0,16,73,218,96,18.9,2.2,4.7,0.47,0.6,1.7,0.369,1.6,3.1,0.525,0.535,0.3,0.5,0.688,0.8,2.1,2.9,3.8,1,0.4,1.2,2,5.4,190
20,Walker Kessler,229,350,121,45,0,282,0,0,0,0,7,0,1,12,3,0,0,0,0,127,17,1,0,52,9,1,23,6,23.3,3.6,5.5,0.654,0.1,0.3,0.211,3.5,5.2,0.68,0.66,0.9,1.5,0.602,2.6,4.9,7.5,0.9,0.5,2.4,1,2.1,8.1,213
21,Brice Sensabaugh,85,218,133,43,14,22,33,34,6,6,14,8,6,20,6,3,3,0,0,2,0,11,16,3,9,27,182,35,18.3,2.7,6.8,0.39,1.1,3.6,0.296,1.6,3.2,0.495,0.468,1.2,1.3,0.902,0.5,2.7,3.2,1.7,0.4,0.2,1.5,1.3,7.5,198
22,Taylor Hendricks,108,240,132,32,11,54,28,25,5,1,43,2,0,33,5,1,0,0,0,22,8,1,3,7,5,8,164,33,21.4,2.7,6,0.45,1.3,3.5,0.379,1.4,2.5,0.55,0.56,0.6,0.7,0.793,1.2,3.5,4.6,0.8,0.7,0.8,0.7,1.9,7.3,206
23,Pascal Siakam,681,1271,590,352,46,469,65,60,36,15,42,41,17,33,45,24,26,0,0,42,53,105,49,36,153,86,573,350,33.2,8.5,15.9,0.536,1.1,3.1,0.346,7.5,12.8,0.581,0.569,3.6,5,0.732,1.7,5.3,7.1,4.3,0.8,0.3,1.8,2.4,21.7,203
24,Scottie Barnes,447,942,495,215,82,301,92,74,30,11,23,17,10,25,33,13,15,1,0,79,71,35,25,33,102,80,512,207,34.9,7.5,15.7,0.475,1.7,4.9,0.341,5.8,10.8,0.536,0.528,3.3,4.2,0.781,2.4,5.9,8.2,6.1,1.3,1.5,2.8,2,19.9,201
25,Jakob Poeltl,248,378,130,125,0,233,0,0,0,4,0,9,1,0,6,0,0,0,0,28,56,0,0,85,27,71,81,38,26.4,5,7.6,0.656,0,0,,5,7.6,0.656,0.656,1.2,2.1,0.551,2.9,5.7,8.6,2.5,0.7,1.5,1.5,3,11.1,213
26,Dennis Schroder,403,927,524,145,79,231,136,83,43,13,27,55,4,38,21,32,15,5,0,0,0,13,27,9,12,96,648,313,31.1,5,11.6,0.435,1.7,4.6,0.375,3.3,7,0.474,0.509,2.2,2.7,0.836,0.5,2.5,3,6.1,0.8,0.2,1.9,2.1,14,185
27,Gary Trent Jr.,361,847,486,115,76,114,175,123,42,12,27,31,4,52,26,24,26,0,0,10,6,27,103,11,27,80,702,118,28.1,5.1,11.9,0.426,2.5,6.4,0.393,2.6,5.5,0.464,0.531,1,1.4,0.771,0.4,2.3,2.6,1.7,1.1,0.1,0.7,1.4,13.7,196
28,Gradey Dick,189,445,256,36,23,100,53,68,18,3,47,11,4,47,18,10,4,3,0,15,5,8,11,25,10,18,322,59,21.1,3.2,7.4,0.425,1.5,4,0.365,1.7,3.4,0.495,0.524,0.7,0.9,0.863,0.5,1.8,2.2,1.1,0.6,0,0.8,1.5,8.5,198
29,Precious Achiuwa,235,469,234,82,14,271,24,13,3,1,16,4,1,30,9,1,0,0,0,68,28,7,3,40,17,30,158,104,21.9,3.2,6.3,0.501,0.4,1.3,0.268,2.8,5,0.562,0.529,0.9,1.5,0.616,2.6,4,6.6,1.3,0.6,0.9,1.1,1.9,7.6,203
30,Malachi Flynn,136,325,189,42,28,68,80,34,10,5,10,4,3,17,9,4,11,0,0,0,2,5,19,2,1,33,241,89,12.7,2,4.7,0.418,0.8,2.4,0.331,1.2,2.3,0.513,0.505,0.8,1,0.732,0.3,1.3,1.7,1.9,0.6,0.1,0.9,1,5.5,185
31,Chris Boucher,110,217,107,20,8,97,24,19,2,0,23,1,0,20,2,0,1,0,0,20,4,1,3,19,7,5,109,14,14.1,2.2,4.3,0.507,0.6,1.9,0.33,1.6,2.5,0.642,0.578,1.4,1.8,0.772,1.2,2.9,4.1,0.5,0.3,0.5,0.6,1.4,6.4,206
32,OG Anunoby,282,577,295,62,29,197,62,40,13,1,54,12,3,82,13,4,5,0,0,83,8,12,44,15,8,12,346,108,34,5.6,11.5,0.489,2,5.3,0.382,3.6,6.2,0.581,0.577,1.3,1.8,0.753,0.9,3.2,4.2,2.1,1.4,0.7,1.6,2.4,14.7,201
33,Immanuel Quickley,388,894,506,194,79,125,119,147,13,17,52,57,7,36,25,17,6,0,0,5,5,25,80,5,16,186,723,263,29.2,5.7,13.1,0.434,2.5,6.4,0.395,3.2,6.8,0.471,0.53,3.1,3.6,0.853,0.3,3.6,3.8,4.9,0.7,0.1,1.5,1.8,17,190
34,RJ Barrett,436,880,444,202,31,366,45,83,13,10,63,10,10,28,12,2,5,0,0,44,19,16,10,40,29,110,426,319,31.7,7.5,15.2,0.495,1.6,4.3,0.36,6,10.9,0.549,0.547,3.6,5,0.715,0.9,4.5,5.4,3.3,0.5,0.4,2.2,2.2,20.2,198
35,Bruce Brown,278,582,304,162,22,177,31,45,8,11,43,26,9,22,10,7,8,1,0,12,8,4,9,22,15,118,358,185,27.9,4.1,8.7,0.478,0.8,2.4,0.323,3.4,6.2,0.538,0.523,1.7,2.1,0.824,0.8,3.4,4.2,2.9,0.9,0.3,1.3,2.2,10.8,193
36,Jordan Nwora,138,299,161,45,17,94,45,28,4,6,19,10,0,20,3,5,1,2,0,10,6,1,25,15,4,33,191,68,13.7,2.7,5.8,0.462,0.8,2.5,0.336,1.8,3.2,0.56,0.535,0.8,1,0.83,0.5,2.3,2.9,1.2,0.5,0.3,1,0.9,7,203
37,Zach Collins,298,616,318,172,81,205,49,32,21,3,6,11,3,13,14,5,1,0,0,26,107,9,4,41,60,48,292,83,22.1,4.3,8.9,0.484,0.8,2.6,0.32,3.5,6.3,0.552,0.531,1.8,2.3,0.753,1.7,3.7,5.4,2.8,0.5,0.8,1.9,3,11.2,211
38,Jeremy Sochan,340,776,436,166,23,316,54,71,8,8,38,21,7,37,11,6,6,4,0,76,46,31,2,66,78,30,362,156,29.6,4.6,10.5,0.438,0.9,3.1,0.308,3.6,7.4,0.492,0.483,1.5,1.9,0.771,1.9,4.6,6.4,3.4,0.8,0.5,1.9,2.3,11.6,203
39,Victor Wembanyama,551,1186,635,180,129,396,134,108,38,13,11,59,13,11,51,19,23,1,0,187,51,70,62,44,105,43,647,143,29.7,7.8,16.7,0.465,1.8,5.5,0.325,6,11.2,0.534,0.519,4.1,5.2,0.796,2.3,8.4,10.6,3.9,1.2,3.6,3.7,2.2,21.4,221
40,Devin Vassell,498,1056,558,138,88,199,133,133,57,15,41,77,10,49,51,37,26,2,0,53,1,59,75,31,35,74,804,195,33.1,7.3,15.5,0.472,2.4,6.6,0.372,4.9,9,0.544,0.55,2.4,3,0.801,0.4,3.4,3.8,4.1,1.1,0.3,1.6,1.1,19.5,196
41,Keldon Johnson,391,862,471,147,51,289,95,103,7,14,59,14,7,58,7,7,3,1,0,33,22,4,12,40,24,86,511,258,29.5,5.7,12.5,0.454,1.8,5.3,0.346,3.8,7.2,0.533,0.527,2.5,3.2,0.792,1.4,4.1,5.5,2.8,0.7,0.3,1.4,2.2,15.7,196
42,Cedi Osman,184,384,200,42,31,100,71,65,3,1,30,7,3,24,6,1,0,0,0,2,2,0,5,12,1,29,266,86,17.6,2.6,5.3,0.479,1.2,3.1,0.389,1.4,2.3,0.601,0.591,0.5,0.7,0.673,0.3,2.2,2.5,1.7,0.5,0.2,0.7,1.5,6.8,201
43,Tre Jones,303,600,297,120,32,231,50,28,4,13,41,16,12,37,10,3,1,2,0,2,2,3,3,22,1,130,351,255,27.8,3.9,7.8,0.505,0.8,2.5,0.335,3.1,5.3,0.584,0.558,1.3,1.5,0.856,0.8,3,3.8,6.2,1,0.1,1.5,1.2,10,185
44,Malaki Branham,271,628,357,111,37,144,84,73,20,8,39,23,11,35,18,14,11,0,0,12,5,2,16,36,8,70,461,138,21.3,3.6,8.4,0.432,1.2,3.6,0.347,2.4,4.8,0.494,0.506,0.7,0.8,0.873,0.4,1.6,2,2.1,0.4,0.1,1.2,1.3,9.2,193
45,Doug McDermott,123,284,161,11,48,30,60,72,2,1,15,4,0,34,4,2,1,0,0,6,1,1,0,10,3,13,253,26,14.1,1.9,4.4,0.433,1.5,3.6,0.41,0.5,0.9,0.527,0.599,0.2,0.3,0.579,0.2,0.8,0.9,1.1,0.3,0,0.4,1,5.5,198
46,Julian Champagnie,164,402,238,25,25,86,87,72,1,4,44,4,1,49,3,1,0,0,0,27,1,2,3,16,2,13,301,51,19.8,2.2,5.4,0.408,1.4,3.7,0.365,0.9,1.7,0.504,0.534,1,1.2,0.815,0.6,2.2,2.8,1.4,0.6,0.6,0.8,1,6.8,203
47,Blake Wesley,102,215,113,37,5,110,9,21,1,0,13,6,0,5,4,0,2,2,0,25,1,0,2,12,2,27,98,71,14.4,1.7,3.5,0.474,0.2,0.9,0.218,1.5,2.6,0.563,0.502,0.9,1.3,0.667,0.3,1.2,1.5,2.7,0.5,0.1,0.9,1.5,4.4,196
48,Domantas Sabonis,634,1068,434,283,40,610,21,21,28,8,3,17,8,2,15,9,3,0,0,121,144,29,6,165,91,19,209,215,35.7,7.7,13,0.594,0.4,1.1,0.379,7.3,12,0.613,0.609,3.6,5.1,0.704,3.6,10.1,13.7,8.2,0.9,0.6,3.3,3,19.4,208
49,Kevin Huerter,248,560,312,69,70,100,73,136,5,10,32,12,8,30,7,5,3,0,0,11,5,15,30,25,9,39,427,68,24.4,3.9,8.8,0.443,1.9,5.3,0.361,2,3.4,0.571,0.553,0.6,0.7,0.766,0.6,2.9,3.5,2.6,0.7,0.4,0.8,2.1,10.2,201
50,Harrison Barnes,347,732,385,128,43,155,81,95,3,7,73,13,8,93,26,4,3,0,0,25,9,38,24,23,29,65,513,151,29,4.2,8.9,0.474,1.8,4.7,0.387,2.4,4.2,0.571,0.576,1.9,2.4,0.801,0.8,2.2,3,1.2,0.7,0.1,0.7,1.2,12.2,203
51,Keegan Murray,443,975,532,135,96,176,110,170,34,6,55,31,12,79,33,18,19,1,0,82,7,52,53,40,21,69,736,132,33.6,5.8,12.7,0.454,2.4,6.6,0.358,3.4,6,0.56,0.548,1.3,1.6,0.831,1.4,4.1,5.5,1.7,1,0.8,0.8,2.7,15.2,203
52,Malik Monk,396,893,497,146,94,195,128,138,25,20,32,21,8,31,19,17,19,0,0,44,4,38,64,8,6,103,644,239,26,5.5,12.4,0.443,2.1,5.9,0.35,3.4,6.5,0.528,0.526,2.4,2.8,0.829,0.4,2.6,2.9,5.1,0.6,0.5,2.1,2.2,15.4,190
53,Davion Mitchell,146,323,177,52,27,70,55,29,18,4,18,8,1,29,3,5,4,0,0,0,2,1,19,6,1,26,226,84,15.3,2,4.5,0.452,0.8,2.2,0.361,1.2,2.3,0.539,0.54,0.4,0.6,0.714,0.3,1.1,1.3,1.9,0.2,0,0.6,1.2,5.3,188
54,Chris Duarte,80,210,130,21,14,38,38,30,3,0,16,5,2,28,7,3,4,1,0,5,0,12,15,10,3,9,160,21,12.2,1.4,3.6,0.381,0.7,2.2,0.346,0.6,1.4,0.434,0.486,0.4,0.6,0.788,0.4,1.4,1.8,0.7,0.5,0.1,0.4,1.4,3.9,198
55,Keon Ellis,107,232,125,16,21,30,65,28,3,0,24,1,3,29,6,2,3,1,0,7,1,4,17,2,2,10,196,9,17.2,1.9,4.1,0.461,1.2,2.9,0.417,0.6,1.1,0.578,0.612,0.5,0.6,0.743,0.6,1.6,2.2,1.5,0.9,0.5,0.6,2,5.4,198
56,De'Aaron Fox,720,1549,829,437,138,262,203,155,71,18,31,25,31,52,56,21,48,1,0,27,8,107,132,13,65,192,1143,394,35.9,9.7,20.9,0.465,2.9,7.8,0.369,6.8,13.1,0.522,0.534,4.2,5.7,0.738,0.9,3.7,4.6,5.6,2,0.4,2.6,2.6,26.6,190
57,Trey Lyles,143,321,178,17,25,71,54,52,0,1,38,1,1,47,9,1,1,3,0,8,2,9,0,13,7,8,235,25,20,2.5,5.5,0.445,1.4,3.8,0.384,1,1.8,0.578,0.576,0.8,1.2,0.7,1.1,3.4,4.4,1.2,0.3,0.3,0.7,1.5,7.2,206
58,Jerami Grant,383,850,467,161,16,250,64,94,24,10,49,34,12,53,26,40,17,0,0,24,38,58,8,8,46,79,515,286,33.9,7.1,15.7,0.451,2.1,5.1,0.402,5,10.6,0.474,0.516,4.7,5.8,0.817,0.7,2.9,3.5,2.8,0.8,0.6,2.1,2.2,21,201
59,Malcolm Brogdon,218,496,278,60,38,131,68,67,26,7,10,10,6,16,20,19,18,0,0,1,1,15,37,2,6,55,341,160,28.7,5.6,12.7,0.44,2.1,5.1,0.412,3.5,7.6,0.458,0.522,2.4,3,0.819,0.7,3.1,3.8,5.5,0.7,0.2,1.5,1.5,15.7,193
60,Shaedon Sharpe,176,434,258,56,33,131,62,49,15,6,13,9,2,20,10,16,9,3,0,31,2,9,40,16,9,30,276,100,33.1,5.5,13.6,0.406,1.9,5.6,0.333,3.6,7.9,0.457,0.475,3.1,3.7,0.824,1.3,3.7,5,2.9,0.9,0.4,2.3,2.8,15.9,198
61,Deandre Ayton,427,749,322,248,2,248,0,3,117,18,3,27,12,1,28,20,21,1,0,88,121,70,3,33,165,46,358,56,32.4,7.8,13.6,0.57,0,0.2,0.1,7.7,13.4,0.576,0.571,1.2,1.4,0.823,3.2,7.9,11.1,1.6,1,0.8,1.8,2,16.7,213
62,Matisse Thybulle,126,317,191,26,9,52,52,74,1,1,44,3,2,51,0,1,0,1,0,8,6,0,5,8,0,15,247,48,22.9,1.9,4.9,0.397,1.2,3.6,0.346,0.7,1.3,0.535,0.524,0.3,0.4,0.759,0.5,1.6,2.1,1.4,1.7,0.8,0.6,1.4,5.4,196
63,Jabari Walker,234,509,275,94,10,244,34,26,9,2,35,7,2,32,9,1,2,1,1,28,13,12,3,47,21,23,197,113,23.6,3.3,7.1,0.46,0.6,1.9,0.295,2.7,5.1,0.522,0.5,1.8,2.4,0.754,2.1,5,7.1,1,0.6,0.3,0.9,2.4,8.9,206
64,Toumani Camara,197,438,241,55,9,192,43,41,4,2,39,1,6,40,4,0,2,0,0,30,20,2,1,21,10,20,202,81,24.8,2.8,6.3,0.45,0.8,2.5,0.337,2,3.8,0.523,0.516,1.1,1.4,0.758,2,2.9,4.9,1.2,0.9,0.5,1.2,2.5,7.5,203
65,Duop Reath,230,499,269,92,76,150,50,73,2,4,25,3,0,21,2,0,1,0,0,26,37,1,0,32,12,35,289,84,17.9,3.4,7.3,0.461,1.3,3.6,0.359,2.1,3.7,0.559,0.549,1,1.4,0.742,1.4,2.3,3.7,1,0.5,0.6,0.8,2.4,9.1,211
66,Kris Murray,145,366,221,53,13,122,28,50,0,2,50,1,2,41,2,1,0,1,0,22,6,4,9,12,6,18,207,82,21.7,2.3,5.9,0.396,0.8,3,0.268,1.5,3,0.525,0.463,0.6,0.9,0.661,1.4,2.2,3.6,1.3,0.9,0.3,0.9,1.5,6.1,203
67,Scoot Henderson,307,797,490,146,62,226,72,95,24,10,14,38,13,20,25,34,13,4,1,19,1,10,68,4,9,111,536,276,28.5,5,12.9,0.385,1.4,4.3,0.325,3.5,8.5,0.416,0.44,2.7,3.3,0.819,0.9,2.3,3.1,5.4,0.8,0.2,3.4,3.1,14,190
68,Anfernee Simons,360,837,477,123,108,163,168,96,25,15,15,20,12,18,27,20,27,0,0,15,13,23,116,4,10,104,626,237,34.4,7.8,18.2,0.43,3.4,8.8,0.385,4.4,9.4,0.472,0.523,3.5,3.9,0.916,0.5,3.2,3.6,5.5,0.5,0.1,2.7,2.1,22.6,190
69,Dalano Banton,202,500,298,97,47,158,68,53,7,5,18,9,7,13,8,4,6,0,0,17,4,10,16,10,7,61,293,153,19.4,3.7,9.3,0.404,1.1,3.7,0.296,2.6,5.6,0.475,0.463,1.7,2.2,0.783,0.8,2.5,3.3,2.4,0.6,0.4,1.4,1.2,10.3,206
70,Bradley Beal,377,735,358,122,41,207,74,46,34,17,40,28,10,34,40,27,15,0,0,25,4,31,68,22,21,52,480,199,33.3,7.1,13.9,0.513,1.9,4.4,0.43,5.2,9.4,0.552,0.582,2.1,2.5,0.813,1,3.4,4.4,5,1,0.5,2.5,2.4,18.2,193
71,Kevin Durant,751,1436,685,255,106,217,111,122,96,34,34,135,38,34,124,72,58,0,0,78,1,205,24,23,119,74,1110,180,37.2,10,19.1,0.523,2.2,5.4,0.413,7.8,13.7,0.567,0.581,4.8,5.6,0.856,0.5,6.1,6.6,5,0.9,1.2,3.3,1.8,27.1,211
72,Grayson Allen,340,682,342,70,52,149,148,110,2,5,50,4,3,85,4,0,0,0,0,21,4,3,9,12,14,47,508,136,33.5,4.5,9.1,0.499,2.7,5.9,0.461,1.8,3.2,0.57,0.649,1.7,2,0.878,0.6,3.3,3.9,3,0.9,0.6,1.3,2.1,13.5,193
73,Jusuf Nurkic,320,627,307,133,33,383,32,16,2,3,3,6,4,6,2,1,3,0,0,65,127,9,1,96,36,21,127,72,27.3,4.2,8.3,0.51,0.3,1.2,0.244,3.9,7.1,0.555,0.528,2.2,3.4,0.64,2.9,8.1,11,4,1.1,1.1,2.3,3.3,10.9,213
74,Eric Gordon,274,618,344,69,50,133,99,163,2,3,57,3,5,26,3,1,2,1,1,1,7,2,13,11,3,44,453,152,27.8,4,9.1,0.443,2.2,5.8,0.378,1.8,3.3,0.561,0.565,0.8,0.9,0.797,0.2,1.6,1.8,2,1,0.4,1.1,1.2,11,190
75,Drew Eubanks,152,253,101,82,0,151,0,0,2,6,1,2,2,2,2,3,0,0,0,85,55,1,0,70,30,15,32,27,15.6,2,3.4,0.601,0,0,1,2,3.3,0.596,0.607,1,1.2,0.774,1.4,2.9,4.3,0.8,0.4,0.8,0.8,1.5,5.1,206
76,Josh Okogie,86,206,120,25,3,82,13,18,0,0,26,3,1,34,1,0,0,0,0,14,0,3,0,11,0,9,110,37,16,1.4,3.4,0.417,0.5,1.6,0.309,1,1.9,0.509,0.488,1.3,1.7,0.745,1.2,1.3,2.6,1.1,0.8,0.4,0.6,1.1,4.6,193
77,Jordan Goodwin,141,382,241,73,20,104,45,39,10,8,18,8,3,19,22,7,6,0,0,3,4,15,23,6,12,71,264,111,18.5,2.5,6.7,0.369,0.7,2.5,0.298,1.7,4.2,0.411,0.424,0.8,1,0.746,1.5,2.9,4.4,2.7,0.8,0.3,1,1.3,6.5,190
78,Devin Booker,642,1305,663,236,114,222,153,115,66,29,8,98,22,28,93,64,57,0,0,17,8,109,58,17,53,74,1003,237,36,9.4,19.2,0.492,2.2,6.1,0.364,7.2,13,0.552,0.55,6,6.7,0.886,0.8,3.7,4.5,6.9,0.9,0.4,2.6,3,27.1,198
79,Chimezie Metu,123,244,121,48,6,83,32,25,1,3,16,6,0,15,4,2,3,0,0,38,17,3,3,15,11,21,131,54,16.8,2.4,4.8,0.504,0.5,1.8,0.298,1.9,2.9,0.633,0.561,1.1,1.3,0.906,0.8,3,3.8,0.9,0.8,0.3,1,1.4,6.5,206
80,Royce O'Neale,214,539,325,36,62,69,137,140,2,1,26,2,5,50,2,0,0,7,0,4,1,3,14,11,0,33,457,60,24.7,2.7,6.8,0.397,2,5.3,0.37,0.7,1.5,0.496,0.542,0.3,0.4,0.686,0.8,4,4.8,2.8,0.7,0.6,0.9,2.2,7.7,193
81,David Roddy,165,409,244,63,13,154,42,55,0,6,22,7,2,31,10,1,2,1,0,17,25,22,5,22,33,37,211,107,18.1,2.5,6.3,0.403,0.7,2.5,0.293,1.8,3.8,0.478,0.462,0.7,1,0.691,0.8,2.4,3.2,1.2,0.4,0.2,0.9,1.1,6.5,193
82,Kelly Oubre Jr.,387,878,491,159,61,328,83,76,9,8,60,24,7,45,7,6,5,0,0,103,5,17,23,53,7,70,502,227,30.2,5.7,12.9,0.441,1.5,4.8,0.311,4.2,8.1,0.517,0.498,2.6,3.4,0.75,1.4,3.6,5,1.5,1.1,0.7,1.3,2.9,15.4,203
83,Joel Embiid,450,851,401,184,70,246,36,24,116,16,3,38,11,4,36,29,36,2,0,22,24,102,62,18,78,30,520,131,33.6,11.5,21.8,0.529,1.4,3.6,0.388,10.2,18.3,0.556,0.561,10.2,11.6,0.883,2.4,8.6,11,5.6,1.2,1.7,3.8,2.9,34.7,213
84,De'Anthony Melton,139,360,221,34,53,87,63,57,6,1,19,5,3,22,2,4,4,0,0,10,3,3,24,3,7,21,261,69,26.9,3.7,9.5,0.386,2,5.6,0.36,1.6,3.8,0.425,0.493,1.7,2.1,0.835,0.7,3,3.7,3,1.6,0.4,1,2.2,11.1,188
85,Tobias Harris,463,951,488,222,49,306,66,73,30,21,35,19,12,35,48,23,12,0,0,41,17,70,40,32,98,56,552,188,33.8,6.6,13.6,0.487,1.3,3.7,0.353,5.3,9.9,0.537,0.535,2.7,3,0.878,1.1,5.3,6.5,3.1,1,0.7,1.3,1.6,17.2,203
86,Tyrese Maxey,638,1419,781,256,160,392,192,168,37,45,21,54,9,24,17,28,12,3,1,6,4,60,180,15,19,226,945,520,37.5,9.1,20.3,0.45,3,8.1,0.373,6.1,12.1,0.501,0.524,4.7,5.4,0.868,0.5,3.2,3.7,6.2,1,0.5,1.7,2.2,25.9,188
87,Patrick Beverley,158,379,221,95,25,75,47,50,2,10,33,7,4,26,3,2,0,0,0,1,25,12,24,4,25,83,273,134,20,2.2,5.2,0.417,0.8,2.5,0.337,1.3,2.7,0.49,0.497,1,1.2,0.822,0.7,2.6,3.3,2.9,0.6,0.4,0.9,1.8,6.2,188
88,Paul Reed,259,480,221,109,18,263,8,13,15,4,7,14,2,11,7,3,6,0,0,51,50,15,8,34,41,13,142,80,19.4,3.2,5.9,0.54,0.3,0.7,0.368,2.9,5.2,0.563,0.561,0.7,1,0.718,2.4,3.6,6,1.3,0.8,1,0.8,2.4,7.3,206
89,Nicolas Batum,116,256,140,5,22,53,28,31,1,0,52,6,1,51,3,2,0,1,0,9,1,8,5,10,5,0,201,2,25.5,1.9,4.3,0.453,1.2,3.1,0.395,0.7,1.2,0.606,0.596,0.3,0.4,0.714,1.2,3,4.1,2.1,0.8,0.6,0.7,1.8,5.3,203
90,Marcus Morris Sr.,116,264,148,35,20,27,34,27,19,4,12,12,5,25,21,12,10,1,0,2,0,30,9,2,31,1,220,11,16.7,2.4,5.4,0.439,1,2.4,0.403,1.4,3,0.469,0.53,0.7,0.9,0.818,0.5,2.3,2.7,0.7,0.3,0.3,0.6,1.5,6.4,203
91,Cameron Payne,208,481,273,72,55,85,77,98,12,7,24,9,8,12,13,4,4,1,0,0,2,2,42,2,2,91,386,158,16.7,2.7,6.2,0.432,1.3,3.4,0.39,1.3,2.7,0.486,0.541,0.7,0.9,0.866,0.3,1.2,1.5,2.6,0.5,0.1,0.8,1.6,7.4,190
92,Buddy Hield,371,850,479,57,131,170,220,110,10,1,44,6,3,63,16,10,9,0,0,7,1,14,53,16,2,14,648,137,25.7,4.4,10.1,0.436,2.6,6.8,0.386,1.8,3.4,0.539,0.565,0.6,0.7,0.881,0.7,2.5,3.2,2.8,0.8,0.5,1.2,2,12.1,193
93,Kyle Lowry,163,377,214,47,38,51,83,62,10,2,21,3,3,44,5,1,5,2,0,0,4,17,14,9,12,25,310,54,28.2,2.7,6.3,0.432,1.6,4.2,0.392,1.1,2.1,0.512,0.562,1.1,1.3,0.84,0.6,2.7,3.2,4.2,1,0.4,1.4,2.4,8.1,183
94,Jalen Suggs,336,714,378,73,59,183,101,120,8,3,45,21,6,59,17,9,9,1,0,34,0,17,56,27,14,52,508,115,27,4.5,9.5,0.471,2,5.1,0.397,2.4,4.4,0.556,0.578,1.6,2.1,0.756,0.6,2.4,3.1,2.7,1.4,0.6,1.8,2.7,12.6,196
95,Paolo Banchero,640,1407,767,271,93,419,113,116,74,21,16,125,10,11,66,53,17,2,0,88,23,125,93,34,147,86,816,355,35,8,17.6,0.455,1.5,4.4,0.339,6.5,13.2,0.493,0.497,5.1,7,0.725,1,5.9,6.9,5.4,0.9,0.6,3.1,1.9,22.6,208
96,Goga Bitadze,126,209,83,24,5,166,2,3,0,0,3,1,1,1,2,0,1,0,0,57,15,2,0,41,8,2,20,8,15.4,2,3.4,0.603,0,0.2,0.143,2,3.1,0.636,0.608,0.9,1.4,0.655,1.8,2.9,4.6,1.3,0.5,1.2,0.7,1.7,5,211
97,Franz Wagner,528,1096,568,237,66,456,127,95,9,15,16,17,7,25,8,9,4,4,1,66,64,8,67,62,36,107,497,441,32.5,7.3,15.2,0.482,1.3,4.6,0.281,6,10.6,0.57,0.525,3.8,4.4,0.85,1,4.3,5.3,3.7,1.1,0.4,1.9,2.3,19.7,208
98,Anthony Black,115,247,132,26,7,92,17,22,9,3,28,6,1,20,8,3,5,0,0,27,1,5,5,23,3,21,149,50,16.9,1.7,3.6,0.466,0.5,1.4,0.394,1.1,2.2,0.51,0.54,0.7,1.2,0.613,0.5,1.5,2,1.3,0.5,0.3,0.8,1.6,4.6,201
99,Joe Ingles,99,227,128,33,22,27,33,70,0,1,19,1,3,15,0,1,0,2,0,0,1,1,16,2,1,17,184,48,17.2,1.5,3.3,0.436,1,2.4,0.435,0.4,1,0.439,0.59,0.4,0.5,0.824,0.3,1.8,2.1,3,0.6,0.1,1,1.3,4.4,203
100,Cole Anthony,332,763,431,167,41,150,138,35,22,17,23,38,11,35,46,23,14,3,0,11,12,56,31,9,44,94,567,179,22.4,4.1,9.4,0.435,1.1,3.4,0.338,3,6,0.49,0.496,2.2,2.7,0.826,0.8,3,3.8,2.9,0.8,0.5,1.6,2.2,11.6,188
101,Jonathan Isaac,146,286,140,8,10,131,23,21,6,1,26,12,1,30,7,5,3,1,1,58,1,3,5,33,7,1,147,10,15.8,2.5,4.9,0.51,0.7,1.9,0.375,1.8,3,0.598,0.584,1,1.4,0.72,1.3,3.2,4.5,0.5,0.7,1.2,0.5,1.1,6.8,208
102,Moritz Wagner,332,552,220,72,27,354,27,20,3,1,25,3,1,15,2,0,1,1,0,50,24,4,0,138,22,9,141,109,17.7,4.2,6.9,0.601,0.5,1.4,0.33,3.7,5.5,0.673,0.636,2.1,2.6,0.814,1.5,2.9,4.3,1.2,0.5,0.3,1.2,2,10.9,211
103,Caleb Houstan,80,206,126,3,21,7,51,46,1,0,33,0,0,42,1,1,0,0,0,0,0,0,3,1,0,2,201,1,13.8,1.4,3.5,0.388,1.2,3.3,0.373,0.1,0.2,0.615,0.563,0.4,0.4,0.808,0.5,0.9,1.4,0.5,0.3,0.1,0.3,1,4.3,203
104,Gary Harris,131,297,166,25,19,49,58,36,4,2,32,3,0,59,5,1,3,1,0,6,2,2,11,9,3,16,236,48,24,2.4,5.5,0.441,1.4,3.8,0.371,1,1.7,0.598,0.569,0.6,0.8,0.756,0.4,1.2,1.7,1.6,0.9,0.3,0.6,1.7,6.9,193
105,Markelle Fultz,154,326,172,89,1,145,2,1,9,8,5,18,4,8,21,7,7,1,0,14,24,10,7,13,29,29,135,116,21.2,3.6,7.6,0.472,0.1,0.4,0.222,3.5,7.2,0.487,0.479,0.5,0.8,0.697,1.3,1.9,3.2,2.8,1,0.3,1.2,1.5,7.8,193
106,Wendell Carter Jr.,223,425,202,69,43,168,22,34,8,1,37,1,0,35,3,3,1,0,0,79,24,6,0,29,27,16,228,34,25.6,4.1,7.7,0.525,1.2,3.1,0.374,2.9,4.6,0.626,0.6,1.7,2.4,0.694,2,4.9,6.9,1.7,0.6,0.5,1.2,2.2,11,208
107,Chet Holmgren,505,953,448,171,85,339,135,88,17,12,9,22,9,30,16,12,6,2,0,149,23,38,19,50,59,62,525,162,29.4,6.2,11.6,0.53,1.6,4.3,0.37,4.6,7.4,0.623,0.598,2.7,3.4,0.793,1.6,6.3,7.9,2.4,0.6,2.3,1.6,2.4,16.5,216
108,Cason Wallace,217,442,225,45,10,110,49,52,11,7,62,9,5,61,6,12,3,0,0,24,3,2,24,30,1,30,312,64,20.6,2.6,5.4,0.491,1.2,2.9,0.419,1.5,2.5,0.572,0.602,0.4,0.5,0.784,0.6,1.6,2.3,1.5,0.9,0.5,0.5,1.6,6.8,193
109,Luguentz Dort,288,657,369,49,39,160,106,136,15,4,55,8,3,60,9,4,9,0,0,27,0,8,32,43,1,24,483,86,28.4,3.6,8.3,0.438,2,5,0.394,1.7,3.3,0.506,0.557,1.6,2,0.826,0.9,2.7,3.6,1.4,0.9,0.6,0.9,2.9,10.9,193
110,Josh Giddey,402,847,445,196,20,318,81,46,6,15,31,18,13,65,25,5,8,0,0,5,20,10,8,49,26,175,479,276,25.1,5,10.6,0.475,1,3,0.337,4,7.6,0.53,0.523,1.3,1.6,0.806,1.4,5,6.4,4.8,0.6,0.6,2.1,1.4,12.3,203
111,Jalen Williams,536,993,457,219,53,307,91,71,28,18,14,25,42,12,54,30,29,0,0,74,10,70,107,43,15,81,590,285,31.3,7.5,14,0.54,1.5,3.4,0.427,6.1,10.6,0.576,0.592,2.5,3.1,0.814,0.5,3.5,4,4.5,1.1,0.6,1.7,2.5,19.1,198
112,Isaiah Joe,222,485,263,18,46,48,143,82,13,2,27,13,3,53,13,5,17,2,0,19,0,9,41,18,0,4,428,14,18.5,2.8,6.2,0.458,1.9,4.5,0.416,1,1.7,0.568,0.609,0.6,0.7,0.865,0.4,1.9,2.3,1.3,0.6,0.3,0.6,1.1,8.2,196
113,Aaron Wiggins,212,377,165,43,4,181,39,30,3,6,8,3,5,45,8,0,2,0,0,16,2,13,8,41,15,21,166,84,15.7,2.7,4.8,0.562,0.8,1.6,0.492,1.9,3.2,0.598,0.645,0.7,0.9,0.789,0.8,1.6,2.4,1.1,0.7,0.2,0.7,1.2,6.9,198
114,Jaylin Williams,95,228,133,22,41,49,47,22,0,2,11,3,1,23,4,2,1,0,0,6,0,1,1,13,3,18,175,16,13,1.4,3.3,0.417,0.8,2.1,0.368,0.6,1.2,0.5,0.533,0.5,0.6,0.805,0.5,2.9,3.4,1.6,0.4,0.4,0.5,1.4,4,203
115,Vasilije Micic,159,370,211,52,40,116,40,60,14,2,3,19,0,11,2,5,6,0,0,1,1,4,32,2,6,19,232,130,19.6,2.7,6.2,0.43,0.7,2.6,0.279,1.9,3.6,0.537,0.488,1,1.3,0.813,0.2,1.2,1.5,4.4,0.5,0.1,1.7,1.1,7,196
116,Shai Gilgeous-Alexander,796,1487,691,347,63,451,108,81,62,38,4,98,46,13,97,34,45,0,0,40,4,188,262,22,122,91,876,421,34,10.6,19.8,0.535,1.3,3.6,0.353,9.3,16.2,0.576,0.567,7.6,8.7,0.874,0.9,4.7,5.5,6.2,2,0.9,2.2,2.5,30.1,198
117,Kenrich Williams,131,280,149,25,20,88,38,35,3,1,23,2,0,24,7,9,4,1,0,9,4,4,6,23,3,5,172,23,14.9,1.9,4.1,0.468,0.8,2,0.397,1.1,2,0.54,0.568,0.1,0.2,0.5,0.9,2.1,3,1.3,0.6,0.1,0.5,1.5,4.7,201
118,Tre Mann,145,316,171,61,16,93,37,46,4,1,12,10,3,15,10,2,6,0,0,7,1,7,44,2,2,59,223,118,24.1,3.5,7.7,0.459,1.1,3.1,0.373,2.4,4.6,0.516,0.533,1.1,1.4,0.763,0.5,3.1,3.6,4,1.2,0.1,1.6,1.2,9.3,190
119,Davis Bertans,92,234,142,2,31,19,62,59,0,0,19,4,1,28,7,0,1,1,0,4,0,6,6,2,1,1,216,7,9.5,1.2,3,0.39,1,2.6,0.384,0.2,0.4,0.429,0.555,0.2,0.3,0.833,0.2,0.8,1,0.4,0.2,0.2,0.2,0.8,3.6,208
120,Gordon Hayward,187,403,216,82,12,108,21,29,19,17,12,32,6,16,17,18,14,0,0,21,3,33,25,18,28,55,273,93,24.4,3.7,7.9,0.464,0.7,1.8,0.411,2.9,6.1,0.479,0.51,1.7,2.4,0.742,0.7,2.8,3.5,3.1,0.8,0.3,1.3,1.3,9.8,201
121,Jalen Brunson,790,1648,858,447,110,284,116,227,71,25,51,92,52,21,62,49,40,1,0,3,9,72,173,9,84,369,1314,545,35.4,10.3,21.4,0.479,2.7,6.8,0.401,7.5,14.6,0.516,0.543,5.5,6.5,0.847,0.6,3.1,3.6,6.7,0.9,0.2,2.4,1.9,28.7,188
122,Julius Randle,395,836,441,205,54,267,80,73,11,14,18,40,15,19,27,6,7,0,0,27,21,81,67,23,78,70,464,209,35.4,8.6,18.2,0.472,1.7,5.3,0.311,6.9,12.9,0.539,0.518,5.1,6.6,0.781,2.2,7,9.2,5,0.5,0.3,3.5,2.7,24,206
123,Josh Hart,295,679,384,120,56,244,73,63,15,4,39,14,5,26,13,5,1,1,0,11,5,46,30,21,27,51,397,150,33.4,3.6,8.4,0.434,1,3.2,0.31,2.7,5.2,0.511,0.493,1.1,1.4,0.791,1.6,6.8,8.3,4.1,0.9,0.3,1.5,2.1,9.4,193
124,Quentin Grimes,122,328,206,9,25,64,92,40,4,0,19,0,0,64,7,2,2,0,0,7,0,2,23,8,1,3,259,30,20.1,2.4,6.4,0.372,1.6,4.7,0.338,0.8,1.7,0.466,0.495,0.7,0.9,0.756,0.3,1.7,2,1.3,0.7,0.1,0.5,1.5,7,196
125,Isaiah Hartenstein,235,365,130,90,2,258,0,1,5,2,0,0,2,0,4,1,0,0,0,94,34,4,0,55,19,65,74,45,25.3,3.1,4.9,0.644,0,0,0.333,3.1,4.8,0.646,0.645,1.5,2.1,0.707,3.3,5.1,8.3,2.5,1.2,1.1,1.2,2.8,7.8,213
126,Donte DiVincenzo,445,1004,559,76,67,190,251,197,7,5,81,7,4,106,5,2,3,3,0,25,1,2,19,38,5,64,797,149,29.1,5.5,12.4,0.443,3.5,8.7,0.401,2,3.7,0.542,0.584,1.1,1.4,0.754,0.8,2.9,3.7,2.7,1.3,0.4,1.4,2,15.5,193
127,Miles McBride,205,454,249,40,24,87,62,68,13,5,50,11,2,60,14,10,5,3,0,16,1,3,35,10,4,19,361,67,19.5,3,6.7,0.452,1.6,3.9,0.41,1.4,2.8,0.511,0.572,0.6,0.7,0.86,0.5,1,1.5,1.7,0.7,0.1,0.4,1.6,8.3,188
128,Evan Fournier,79,221,142,39,22,18,38,30,10,1,19,7,1,21,11,2,2,0,0,0,0,8,25,1,5,43,197,51,18.1,2.5,6.9,0.357,1,4.1,0.254,1.4,2.8,0.505,0.432,0.9,1.1,0.806,0.2,1.7,1.8,1.5,0.9,0.2,0.7,1.5,6.9,198
129,Bojan Bogdanovic,309,681,372,100,52,114,76,106,24,9,55,48,6,45,26,11,9,0,0,4,2,48,66,7,18,34,519,129,25.9,5.4,11.9,0.454,2.3,5.9,0.398,3.1,6.1,0.507,0.551,2.1,2.6,0.785,0.4,2.3,2.7,1.7,0.5,0.1,1.8,1.7,15.2,201
130,Alec Burks,210,569,359,70,47,65,93,92,16,9,47,30,8,51,16,13,12,0,0,0,2,18,23,2,14,52,485,95,18.4,3.2,8.6,0.369,1.9,5,0.376,1.3,3.6,0.36,0.478,2.2,2.5,0.868,0.4,1.9,2.3,1.3,0.4,0.2,0.7,1.1,10.4,198
131,Jonas Valanciunas,402,719,317,183,52,297,28,16,23,7,12,28,4,12,44,5,8,0,0,60,122,41,1,49,88,16,275,63,23.5,4.9,8.8,0.559,0.5,1.5,0.308,4.5,7.3,0.609,0.585,2,2.5,0.785,2.3,6.5,8.8,2.1,0.4,0.8,1.4,2.7,12.2,211
132,Brandon Ingram,500,1017,517,206,70,179,90,47,87,15,21,90,27,12,57,61,53,2,0,35,2,157,28,11,101,39,734,188,32.9,7.8,15.9,0.492,1.3,3.8,0.355,6.5,12.1,0.534,0.534,3.8,4.8,0.801,0.7,4.4,5.1,5.7,0.8,0.6,2.5,2.3,20.8,203
133,Zion Williamson,624,1094,470,309,1,721,5,10,3,18,1,5,11,1,7,0,2,0,0,88,41,6,1,35,52,98,189,657,31.5,8.9,15.6,0.57,0.1,0.3,0.333,8.8,15.4,0.574,0.573,5,7.1,0.702,1.7,4.1,5.8,5,1.1,0.7,2.8,2.3,22.9,198
134,Dyson Daniels,139,311,172,63,8,90,38,32,2,5,38,3,10,15,3,0,0,4,0,17,9,1,1,16,10,63,205,81,22.3,2.3,5.1,0.447,0.7,2.2,0.311,1.6,2.9,0.551,0.514,0.6,0.9,0.642,1,2.9,3.9,2.7,1.4,0.4,1,1.7,5.8,203
135,Jordan Hawkins,174,456,282,37,40,44,103,79,21,2,38,18,5,36,13,15,3,2,0,11,2,10,14,1,1,18,397,47,17.3,2.6,6.8,0.382,1.6,4.4,0.366,1,2.4,0.411,0.501,1,1.2,0.838,0.4,1.8,2.2,1,0.3,0.1,0.6,1.1,7.8,196
136,Herbert Jones,293,588,295,64,13,214,43,67,6,4,82,9,2,68,5,4,6,1,0,41,7,1,2,18,0,30,339,129,30.5,3.9,7.7,0.498,1.5,3.6,0.418,2.4,4.1,0.568,0.595,1.8,2.1,0.867,1,2.6,3.6,2.6,1.4,0.8,1.2,2.9,11,203
137,Naji Marshall,170,367,197,82,15,98,21,25,6,7,38,7,4,43,5,3,5,8,0,10,1,3,4,6,9,53,252,95,19,2.6,5.6,0.463,0.9,2.3,0.387,1.7,3.3,0.516,0.542,1,1.3,0.791,0.8,2.8,3.6,1.9,0.7,0.2,1,1.4,7.1,201
138,Jose Alvarado,142,345,203,57,18,62,69,59,4,5,32,4,3,28,1,1,1,1,0,0,3,0,5,8,1,55,272,80,18.4,2.5,6.2,0.412,1.4,3.7,0.377,1.1,2.5,0.464,0.525,0.6,0.9,0.673,0.4,1.8,2.3,2.1,1.1,0.3,0.7,1.6,7.1,183
139,Larry Nance Jr.,138,241,103,47,7,117,9,8,2,1,24,4,1,14,3,1,0,3,0,53,18,3,0,42,5,13,95,16,19.9,2.3,4,0.573,0.4,1.1,0.415,1.8,2.9,0.631,0.629,0.8,1,0.77,1.5,3.5,5,1.9,1,0.3,0.8,1.6,5.7,203
140,CJ McCollum,484,1055,571,191,110,151,203,175,27,11,42,32,16,26,34,19,17,0,1,5,2,27,105,4,16,208,880,298,32.7,7.3,16,0.459,3.6,8.4,0.429,3.7,7.5,0.492,0.572,1.7,2.1,0.827,0.6,3.7,4.3,4.6,0.9,0.6,1.7,1.9,20,190
141,Trey Murphy III,275,621,346,56,60,96,155,134,4,2,48,3,4,47,8,1,2,1,0,42,4,1,34,12,4,33,498,70,29.6,4.8,10.9,0.443,3,7.8,0.38,1.9,3.1,0.602,0.579,2.2,2.6,0.815,0.7,4.2,4.9,2.2,0.9,0.5,0.6,1.2,14.8,203
142,Rudy Gobert,406,614,208,83,2,512,0,0,1,3,0,4,2,0,3,1,2,1,0,271,28,2,1,104,14,23,44,51,34.1,5.3,8.1,0.661,0,0,0,5.3,8,0.664,0.661,3.3,5.1,0.638,3.8,9.2,12.9,1.3,0.7,2.1,1.6,3.1,14,216
143,Karl-Anthony Towns,479,951,472,185,148,317,96,53,21,9,8,17,24,21,31,8,12,1,0,41,84,26,28,26,62,120,514,340,32.7,7.7,15.3,0.504,2.2,5.3,0.416,5.5,10.1,0.55,0.575,4.1,4.7,0.873,1.5,6.8,8.3,3,0.7,0.7,2.9,3.3,21.8,213
144,Anthony Edwards,718,1558,840,261,140,423,157,178,59,18,20,66,25,32,80,50,44,5,0,79,7,109,144,30,104,116,995,430,35.1,9.1,19.7,0.461,2.4,6.7,0.357,6.7,13,0.515,0.522,5.4,6.4,0.836,0.7,4.8,5.4,5.1,1.3,0.5,3.1,1.8,25.9,193
145,Mike Conley,294,644,350,99,60,77,133,114,8,6,51,6,11,47,21,4,7,0,0,0,5,3,42,5,4,105,540,152,28.9,3.9,8.5,0.457,2.4,5.3,0.442,1.5,3.1,0.481,0.595,1.3,1.5,0.911,0.5,2.4,2.9,5.9,1.2,0.2,1.3,1.7,11.4,183
146,Naz Reid,406,851,445,160,99,244,104,87,1,13,56,7,7,60,10,0,1,2,0,42,86,1,4,27,59,50,472,221,24.2,5,10.5,0.477,2.1,5,0.414,2.9,5.5,0.535,0.576,1.3,1.8,0.736,0.9,4.3,5.2,1.3,0.8,0.9,1.4,2.1,13.5,206
147,Jaden McDaniels,307,628,321,113,15,171,46,33,9,11,70,18,9,89,34,4,4,2,0,58,6,32,22,17,26,48,413,139,29.2,4.3,8.7,0.489,1.2,3.5,0.337,3.1,5.2,0.592,0.557,0.8,1.1,0.722,0.8,2.3,3.1,1.4,0.9,0.6,1.2,3,10.5,206
148,Nickeil Alexander-Walker,236,538,302,54,54,105,59,55,7,0,76,5,10,88,10,6,6,2,1,11,5,5,29,8,11,28,399,108,23.4,2.9,6.6,0.439,1.6,4.1,0.391,1.3,2.5,0.517,0.56,0.6,0.8,0.8,0.4,1.6,2,2.5,0.8,0.5,0.9,1.7,8,196
149,Kyle Anderson,199,433,234,210,5,106,5,2,5,21,19,12,15,16,12,0,4,1,0,11,48,12,1,11,49,125,258,149,22.6,2.5,5.5,0.46,0.1,0.6,0.229,2.4,4.9,0.488,0.472,1.2,1.7,0.708,0.8,2.7,3.5,4.2,0.9,0.6,1.2,1.6,6.4,206
150,Troy Brown Jr.,84,226,142,19,11,40,38,41,7,0,24,8,3,25,4,2,2,2,0,4,1,4,16,7,6,14,177,31,14,1.4,3.8,0.372,0.8,2.4,0.333,0.6,1.4,0.435,0.476,0.5,0.6,0.865,0.4,2,2.4,1,0.4,0.1,0.5,0.7,4.2,198
151,Giannis Antetokounmpo,837,1369,532,207,57,853,41,22,41,4,0,14,7,3,62,12,45,1,0,264,81,67,8,81,94,35,303,476,35.2,11.5,18.8,0.611,0.5,1.7,0.274,11,17.1,0.645,0.624,7,10.7,0.657,2.7,8.8,11.5,6.5,1.2,1.1,3.4,2.9,30.4,211
152,Damian Lillard,541,1277,736,141,155,315,254,169,41,6,16,26,14,21,45,27,40,7,0,13,1,62,191,12,6,97,898,403,35.3,7.4,17.5,0.424,3,8.5,0.354,4.4,9,0.49,0.51,6.5,7,0.92,0.5,3.9,4.4,7,1,0.2,2.6,1.8,24.3,188
153,Khris Middleton,317,643,326,96,43,78,98,56,31,14,17,47,15,33,61,25,29,0,0,3,12,86,45,5,75,71,501,108,27,5.8,11.7,0.493,1.7,4.5,0.381,4.1,7.2,0.563,0.566,1.8,2.2,0.833,0.7,3.9,4.7,5.3,0.9,0.3,2.3,2.6,15.1,201
154,Brook Lopez,366,755,389,82,112,221,107,126,9,8,36,13,6,23,9,0,3,0,0,44,28,22,13,63,25,43,488,81,30.5,4.6,9.6,0.485,1.9,5.1,0.366,2.8,4.4,0.621,0.583,1.4,1.7,0.821,1.5,3.7,5.2,1.6,0.5,2.4,1,2.4,12.5,216
155,Bobby Portis,466,918,452,179,40,228,50,48,23,14,50,49,17,58,127,11,24,0,0,26,119,82,22,37,208,59,475,100,24.5,5.7,11.2,0.508,1.2,3,0.407,4.5,8.2,0.545,0.562,1.2,1.5,0.79,1.7,5.7,7.4,1.3,0.8,0.4,1.1,2.3,13.8,208
156,Pat Connaughton,151,347,196,22,30,82,49,60,1,1,58,0,3,41,0,0,0,0,0,6,1,1,8,16,1,9,249,52,22.1,2,4.6,0.435,1.1,3.1,0.345,0.9,1.4,0.633,0.553,0.6,0.8,0.759,0.7,2.5,3.1,2.1,0.5,0.3,0.6,1.3,5.6,196
157,Jae Crowder,114,270,156,29,11,39,36,41,3,3,33,17,0,44,9,4,0,1,0,0,1,3,10,17,2,30,220,32,23.1,2.3,5.4,0.422,1.2,3.3,0.349,1.1,2.1,0.538,0.53,0.5,0.7,0.722,0.6,2.6,3.2,1.3,0.8,0.2,0.5,1.5,6.2,198
158,Malik Beasley,320,722,402,53,57,72,130,130,6,7,131,13,2,94,10,6,11,0,0,6,2,7,36,2,1,52,638,87,29.6,4.1,9.1,0.443,2.8,6.9,0.413,1.2,2.3,0.533,0.598,0.3,0.4,0.714,0.5,3.2,3.7,1.4,0.7,0.1,0.7,2,11.3,193
159,Jimmy Butler,396,793,397,203,2,280,29,41,9,18,40,82,4,33,37,11,4,0,0,45,14,68,27,34,87,78,383,227,34,6.6,13.2,0.499,1,2.4,0.414,5.6,10.8,0.519,0.537,6.6,7.7,0.858,1.8,3.6,5.3,5,1.3,0.3,1.7,1.1,20.8,201
160,Bam Adebayo,530,1017,487,436,24,313,4,7,63,24,6,38,13,1,53,14,21,0,0,151,69,146,22,49,152,84,497,134,34,7.5,14.3,0.521,0.2,0.6,0.357,7.3,13.7,0.528,0.529,4.1,5.5,0.755,2.2,8.1,10.4,3.9,1.1,0.9,2.3,2.2,19.3,206
161,Tyler Herro,324,735,411,160,98,85,87,105,26,17,32,34,10,10,29,18,23,1,0,6,2,22,34,7,13,119,608,172,33.5,7.7,17.5,0.441,3.1,7.9,0.396,4.6,9.6,0.478,0.531,2.3,2.6,0.856,0.5,4.8,5.3,4.5,0.7,0.1,2.2,1.5,20.8,196
162,Haywood Highsmith,153,329,176,41,11,78,57,40,1,1,37,4,3,47,7,0,2,0,0,18,13,0,5,14,10,25,229,26,20.7,2.3,5,0.465,1.2,2.9,0.396,1.2,2.1,0.562,0.581,0.3,0.5,0.639,1,2.2,3.2,1.1,0.8,0.5,0.5,1.8,6.1,201
163,Duncan Robinson,304,675,371,79,91,103,126,139,1,4,58,8,1,57,2,1,3,2,0,3,2,6,15,27,3,58,551,111,28,4.5,9.9,0.45,2.8,7,0.395,1.7,3,0.579,0.589,1.2,1.3,0.889,0.2,2.3,2.5,2.8,0.7,0.2,1.4,2.4,12.9,201
164,Jaime Jaquez Jr.,341,697,356,177,17,254,39,33,3,11,49,24,4,59,17,5,1,3,1,35,44,33,5,53,73,48,302,172,28.2,4.5,9.3,0.489,0.9,2.7,0.322,3.7,6.6,0.558,0.536,1.9,2.3,0.811,1.1,2.7,3.8,2.6,1,0.3,1.5,2.2,11.9,198
165,Josh Richardson,154,347,193,52,29,56,78,36,15,4,20,5,5,26,9,1,10,1,0,8,6,12,15,9,11,13,271,44,25.7,3.6,8.1,0.444,1.5,4.4,0.347,2,3.7,0.561,0.539,1.2,1.3,0.944,0.4,2.4,2.8,2.4,0.6,0.3,0.8,1.8,9.9,196
166,Kevin Love,158,359,201,42,71,59,92,45,0,0,17,2,0,18,7,2,3,1,0,1,22,7,2,4,16,7,267,25,16.8,2.9,6.5,0.44,1.5,4.4,0.344,1.3,2.1,0.643,0.557,1.5,2,0.787,1.1,5.1,6.1,2.1,0.3,0.2,0.9,1.8,8.8,203
167,Caleb Martin,241,559,318,89,19,158,56,61,12,2,48,16,7,46,18,16,9,2,0,20,3,20,17,19,14,37,340,145,27.4,3.8,8.7,0.431,1.3,3.6,0.349,2.5,5.1,0.489,0.504,1.2,1.5,0.778,1.2,3.2,4.4,2.2,0.7,0.5,1.2,2,10,196
168,Nikola Jovic,127,281,154,44,17,63,40,56,0,1,25,3,2,24,4,0,1,0,1,2,7,2,11,14,3,21,191,48,19.5,2.8,6.1,0.452,1.4,3.5,0.399,1.3,2.6,0.525,0.568,0.7,1,0.702,0.5,3.6,4.2,2,0.5,0.3,0.9,1.8,7.7,208
169,Terry Rozier,442,998,556,191,30,218,137,111,29,13,52,44,10,78,35,22,26,2,0,2,4,29,206,6,17,144,729,283,33.4,7.2,16.4,0.443,2.4,6.7,0.363,4.8,9.6,0.498,0.518,2.8,3.2,0.869,0.6,3.5,4,5.6,1,0.3,1.7,1.7,19.8,185
170,Marcus Smart,102,237,135,49,19,29,39,40,6,1,14,6,7,20,2,2,1,2,0,0,1,8,7,2,13,25,202,41,30.3,5.1,11.9,0.43,2.1,6.7,0.313,3,5.2,0.583,0.519,2.2,2.8,0.768,0.3,2.4,2.7,4.3,2.1,0.3,3.1,2.7,14.5,190
171,Desmond Bane,360,776,416,107,85,200,107,112,27,5,27,18,3,28,19,23,13,2,0,7,12,17,69,12,3,67,540,216,34.4,8.6,18.5,0.464,3.3,8.6,0.381,5.3,9.9,0.536,0.552,3.3,3.8,0.87,0.9,3.5,4.4,5.5,1,0.5,2.7,2.9,23.7,196
172,Jaren Jackson Jr.,516,1161,645,394,97,339,73,131,7,18,26,11,17,31,6,1,2,8,0,39,152,5,12,20,109,202,628,454,32.2,7.8,17.6,0.444,1.8,5.5,0.32,6,12.1,0.501,0.494,5.1,6.3,0.808,1.3,4.2,5.5,2.3,1.2,1.6,2.4,3.6,22.5,208
173,Ziaire Williams,150,378,228,34,13,99,58,39,11,6,41,5,6,36,15,8,5,2,0,36,2,4,20,15,8,27,269,55,20.4,2.9,7.4,0.397,1.1,3.7,0.307,1.8,3.7,0.487,0.474,1.2,1.5,0.827,0.7,2.8,3.5,1.5,0.7,0.2,1.3,1.7,8.2,206
174,Luke Kennard,141,315,174,23,58,23,69,83,10,1,12,10,2,16,2,4,2,0,0,0,1,5,22,5,2,17,290,27,25.6,3.6,8.1,0.448,2.7,6.1,0.45,0.9,2,0.442,0.617,1,1.2,0.889,0.3,2.6,2.9,3.5,0.5,0.1,1.4,1,11,196
175,John Konchar,88,208,120,8,15,78,23,22,0,1,19,0,0,41,1,0,0,0,0,3,1,0,1,15,2,10,133,23,21.3,1.6,3.8,0.423,0.7,2.2,0.317,0.9,1.6,0.568,0.514,0.4,0.5,0.84,1.3,3.4,4.7,2,0.9,0.9,0.8,1.4,4.3,196
176,Vince Williams Jr.,169,379,210,45,27,104,54,53,2,1,32,7,5,43,4,1,1,0,0,9,4,9,12,15,11,38,270,76,27.6,3.3,7.3,0.446,1.5,4,0.378,1.7,3.3,0.529,0.55,2,2.5,0.8,1.1,4.4,5.6,3.4,0.9,0.7,1.8,2.6,10,193
177,Xavier Tillman,121,279,158,74,4,113,11,15,0,1,20,2,3,31,5,0,0,0,0,18,32,2,5,28,21,40,130,55,18,2.2,5.2,0.434,0.4,1.5,0.247,1.9,3.7,0.51,0.47,0.4,0.9,0.44,1.3,2.6,3.9,1.4,0.9,0.8,0.6,1.4,5.3,203
178,Santi Aldama,247,568,321,81,49,146,91,69,2,6,49,11,4,46,9,4,1,0,0,38,23,14,14,20,18,55,392,97,26.5,4,9.3,0.435,1.7,5,0.349,2.3,4.3,0.534,0.528,0.9,1.4,0.621,1.2,4.6,5.8,2.3,0.7,0.9,1.1,1.5,10.7,211
179,GG Jackson,241,563,322,62,52,178,80,87,7,3,33,7,2,33,7,8,3,1,0,43,2,12,27,26,14,45,365,130,25.7,5,11.7,0.428,2.1,6,0.357,2.9,5.8,0.502,0.519,2.4,3.2,0.752,1.1,3,4.1,1.2,0.6,0.5,1.4,1.3,14.6,206
180,Jake LaRavia,118,303,185,48,23,84,57,47,4,1,13,1,2,15,3,3,1,1,0,8,7,12,22,6,11,34,199,70,23,3.4,8.7,0.389,1.5,4.5,0.34,1.9,4.2,0.442,0.477,2.6,3.1,0.826,1.5,2.2,3.7,1.7,0.8,0.3,1.3,2,10.8,203
181,Scotty Pippen Jr.,100,203,103,43,14,76,23,27,4,1,5,1,0,3,2,4,0,0,0,5,1,4,15,0,2,28,123,70,25.1,4.8,9.7,0.493,1.4,3.4,0.417,3.3,6.2,0.534,0.567,2,2.6,0.745,1,2.1,3.2,4.7,1.7,0.5,2.7,2.9,12.9,185
182,Lamar Stevens,108,240,132,61,2,88,12,5,4,7,10,10,7,16,8,3,6,1,0,24,4,47,3,14,38,9,121,40,14.7,2.8,6.3,0.45,0.4,1.2,0.304,2.5,5.1,0.485,0.479,1.1,1.4,0.778,0.9,2.4,3.3,0.7,0.6,0.6,0.6,1.2,7.2,198
183,LeBron James,685,1269,584,177,91,547,148,79,20,4,23,26,13,21,73,18,28,1,0,90,27,155,52,71,101,60,567,360,35.3,9.6,17.9,0.54,2.1,5.1,0.41,7.5,12.8,0.592,0.599,4.3,5.7,0.75,0.9,6.4,7.3,8.3,1.3,0.5,3.5,1.1,25.7,206
184,Cam Reddish,91,234,143,26,5,81,20,17,1,1,37,4,0,31,5,4,2,0,0,13,3,4,1,11,2,14,140,54,20.5,1.9,4.9,0.389,0.8,2.3,0.336,1.1,2.6,0.435,0.468,0.9,1.1,0.759,0.6,1.5,2.1,1,1,0.3,0.6,1.3,5.4,203
185,D'Angelo Russell,492,1080,588,204,104,177,213,150,35,9,27,28,11,46,22,26,23,5,0,1,7,48,75,21,19,119,853,233,32.7,6.5,14.2,0.456,3,7.2,0.415,3.5,7,0.497,0.56,2.1,2.5,0.828,0.4,2.7,3.1,6.3,0.9,0.5,2.1,2.1,18,190
186,Anthony Davis,713,1283,570,350,25,576,38,26,55,11,1,39,18,17,62,33,32,0,0,208,112,86,42,107,163,97,489,185,35.5,9.4,16.9,0.556,0.4,1.4,0.271,9,15.5,0.582,0.567,5.5,6.8,0.816,3.1,9.5,12.6,3.5,1.2,2.3,2.1,2.3,24.7,208
187,Austin Reaves,457,940,483,159,93,215,137,124,26,15,27,29,17,36,20,14,25,3,0,13,0,45,67,20,17,95,680,216,32.1,5.6,11.5,0.486,1.9,5.1,0.367,3.7,6.3,0.583,0.568,2.8,3.3,0.853,0.7,3.6,4.3,5.5,0.8,0.3,2.1,1.9,15.9,196
188,Taurean Prince,253,572,319,76,14,99,90,89,7,8,76,8,3,83,8,1,6,3,1,8,1,19,29,11,13,26,426,109,27,3.2,7.3,0.442,1.8,4.6,0.396,1.4,2.8,0.519,0.566,0.6,0.9,0.735,0.3,2.7,2.9,1.5,0.7,0.4,0.9,1.9,8.9,198
189,Christian Wood,123,264,141,48,31,85,19,37,3,3,14,0,0,13,4,4,3,0,0,27,3,4,3,28,6,13,154,34,17.4,2.5,5.3,0.466,0.7,2.3,0.307,1.8,3,0.587,0.532,1.3,1.9,0.702,0.8,4.3,5.1,1,0.3,0.7,1,1.4,6.9,203
190,Rui Hachimura,363,676,313,112,17,235,56,50,22,6,42,22,5,67,18,12,12,0,0,87,11,35,14,43,35,7,359,101,26.9,5.3,9.9,0.537,1.4,3.4,0.422,3.9,6.5,0.597,0.609,1.5,2,0.739,0.9,3.5,4.3,1.2,0.6,0.4,0.7,1.5,13.6,203
191,Max Christie,103,241,138,46,10,50,25,30,10,2,18,4,0,33,5,4,2,1,1,18,2,8,4,11,7,16,170,51,14.1,1.5,3.6,0.427,0.6,1.8,0.356,0.9,1.8,0.496,0.515,0.5,0.7,0.783,0.2,1.9,2.1,0.9,0.3,0.3,0.5,0.9,4.2,198
192,Spencer Dinwiddie,251,640,389,108,56,117,110,106,6,8,56,13,4,38,6,5,5,2,0,11,4,7,53,0,8,82,488,191,28.3,3.3,8.4,0.392,1.6,4.8,0.337,1.7,3.6,0.467,0.489,2.2,2.8,0.805,0.4,2.3,2.7,4.7,0.7,0.3,1.2,1.8,10.5,196
193,Kawhi Leonard,610,1162,552,265,79,244,80,108,53,35,31,94,17,38,51,45,22,0,0,84,46,147,73,15,100,67,803,179,34.3,9,17.1,0.525,2.1,4.9,0.417,6.9,12.1,0.569,0.585,3.7,4.2,0.885,1.2,4.9,6.1,3.6,1.6,0.9,1.8,1.4,23.7,201
194,James Harden,352,822,470,122,135,145,100,215,15,6,22,19,8,16,9,6,4,0,0,2,3,8,241,1,3,76,663,172,34.3,4.9,11.4,0.428,2.6,6.8,0.381,2.3,4.6,0.497,0.541,4.2,4.8,0.878,0.5,4.7,5.1,8.5,1.1,0.8,2.6,1.8,16.6,196
195,Paul George,582,1236,654,141,151,200,127,216,66,12,53,69,8,39,42,60,50,1,1,40,9,70,142,21,42,41,962,169,33.8,7.9,16.7,0.471,3.3,7.9,0.413,4.6,8.8,0.523,0.569,3.6,3.9,0.907,0.5,4.7,5.2,3.5,1.5,0.5,2.1,2.7,22.6,203
196,Russell Westbrook,301,663,362,112,19,322,41,26,13,3,37,16,7,31,24,3,9,0,0,50,3,43,17,30,23,15,260,202,22.5,4.4,9.8,0.454,0.6,2.3,0.273,3.8,7.5,0.509,0.486,1.6,2.4,0.688,1.4,3.7,5,4.5,1.1,0.3,2.1,1.8,11.1,193
197,Terance Mann,254,493,239,75,13,177,42,38,3,6,45,9,7,65,7,3,2,1,0,52,4,22,30,39,10,20,285,54,25,3.4,6.6,0.515,0.9,2.7,0.348,2.4,3.9,0.633,0.587,1.1,1.3,0.832,1.2,2.2,3.4,1.6,0.6,0.2,0.6,1.9,8.8,196
198,Norman Powell,373,768,395,143,55,151,117,82,14,6,38,15,6,90,27,7,15,2,0,18,10,13,29,12,3,105,569,221,26.2,4.9,10.1,0.486,2.2,5.1,0.435,2.7,5.1,0.536,0.594,1.9,2.3,0.831,0.2,2.4,2.6,1.1,0.6,0.3,0.9,1.8,13.9,190
199,Ivica Zubac,337,519,182,191,0,317,0,0,1,5,0,1,2,0,2,0,0,0,0,127,145,0,0,62,53,49,53,26,26.4,5,7.6,0.649,0,0,,5,7.6,0.649,0.649,1.8,2.4,0.723,2.9,6.3,9.2,1.4,0.3,1.2,1.2,2.6,11.7,213
200,Bones Hyland,97,251,154,35,29,50,48,39,4,7,9,7,3,9,4,3,3,1,0,2,3,10,52,2,10,22,181,53,14.6,2.6,6.8,0.386,1.2,3.6,0.326,1.4,3.1,0.457,0.474,0.5,0.6,0.783,0.1,1.4,1.5,2.5,0.7,0.1,1.2,1.4,6.9,188
201,Amir Coffey,166,352,186,63,11,67,16,55,5,0,56,7,5,43,10,5,6,3,0,8,3,15,5,4,18,14,261,43,20.9,2.4,5,0.472,1,2.6,0.38,1.4,2.4,0.571,0.571,0.9,1,0.859,0.4,1.7,2.1,1.1,0.6,0.2,0.5,1.5,6.6,201
202,Daniel Theis,156,293,137,62,24,140,15,12,5,3,8,5,1,11,4,1,1,1,0,46,8,5,0,47,6,27,127,13,16.9,2.6,4.9,0.532,0.4,1.2,0.366,2.2,3.7,0.586,0.577,0.6,0.8,0.76,1.4,2.7,4.1,1,0.4,0.9,0.7,2.1,6.3,203
203,Myles Turner,476,909,433,182,169,297,57,56,40,13,32,24,4,9,8,11,6,1,0,70,50,15,25,90,80,19,484,123,27,6.2,11.8,0.524,1.5,4.2,0.358,4.7,7.6,0.615,0.587,3.2,4.1,0.773,1.5,5.5,6.9,1.3,0.5,1.9,1.4,3,17.1,211
204,Bennedict Mathurin,296,663,367,130,48,235,76,65,12,6,12,21,9,13,18,10,8,0,0,20,4,15,43,19,13,62,362,201,26.1,5,11.2,0.446,1.4,3.6,0.374,3.7,7.6,0.481,0.507,3.1,3.8,0.821,1,2.9,4,2,0.6,0.2,1.6,2,14.5,198
205,Tyrese Haliburton,500,1048,548,146,148,205,151,184,21,9,33,50,5,14,27,43,7,4,1,27,16,13,178,5,5,139,781,325,32.2,7.2,15.2,0.477,2.8,7.8,0.364,4.4,7.4,0.595,0.57,2.8,3.3,0.855,0.5,3.4,3.9,10.9,1.2,0.7,2.3,1.1,20.1,196
206,Obi Toppin,332,579,247,52,26,260,70,50,1,0,32,6,2,72,5,0,0,3,0,112,2,6,5,39,9,17,286,90,21.1,4,7.1,0.573,1.2,3.1,0.403,2.8,4,0.706,0.661,0.9,1.2,0.77,1,2.9,3.9,1.6,0.6,0.5,0.8,1.7,10.3,206
207,Aaron Nesmith,315,635,320,77,31,186,64,92,2,6,86,17,3,60,8,3,0,0,0,33,3,13,8,13,8,32,402,160,27.7,4.4,8.8,0.496,1.9,4.6,0.419,2.4,4.2,0.581,0.606,1.5,1.9,0.781,0.9,2.9,3.8,1.5,0.9,0.7,0.9,3.3,12.2,196
208,Jalen Smith,234,395,161,44,54,184,25,40,4,1,18,8,2,6,3,2,3,1,0,51,15,2,5,38,19,4,168,33,17.2,3.8,6.5,0.592,1,2.4,0.424,2.8,4.1,0.689,0.67,1.2,1.7,0.692,1.8,3.7,5.5,1,0.3,0.6,0.7,2,9.9,208
209,Andrew Nembhard,260,522,262,120,33,125,50,34,20,8,30,30,1,24,27,8,12,0,0,1,1,37,37,8,13,53,376,124,25,3.8,7.7,0.498,0.9,2.5,0.357,2.9,5.2,0.567,0.557,0.7,0.8,0.804,0.5,1.5,2.1,4.1,0.9,0.1,1.5,2.1,9.2,196
210,T.J. McConnell,330,593,263,197,18,192,8,7,8,26,5,85,9,4,23,6,3,1,1,0,1,92,1,6,43,60,335,239,18.2,4.6,8.4,0.556,0.3,0.6,0.409,4.4,7.7,0.568,0.572,0.7,0.9,0.79,0.5,2.2,2.7,5.5,1,0.1,1.5,1.1,10.2,185
211,Isaiah Jackson,155,233,78,42,1,180,0,1,2,0,2,3,0,0,1,1,0,0,0,82,15,3,1,41,13,8,24,23,13.1,2.6,3.9,0.665,0,0.1,0,2.6,3.9,0.677,0.665,1.2,1.7,0.716,1.6,2.4,4,0.8,0.6,1,0.7,2.3,6.5,208
212,Ben Sheppard,90,229,139,15,10,50,23,40,1,2,49,4,0,34,0,1,0,0,0,6,0,1,1,15,4,5,167,28,14.3,1.6,4,0.393,0.9,2.7,0.314,0.7,1.3,0.562,0.5,0.4,0.5,0.885,0.3,1.3,1.6,0.9,0.6,0,0.3,1.5,4.4,198
213,Alperen Sengun,527,982,455,317,56,450,28,23,27,8,1,16,18,1,18,6,11,2,0,74,173,60,6,93,130,105,327,243,32.5,8.4,15.6,0.537,0.5,1.8,0.297,7.8,13.8,0.567,0.553,3.9,5.6,0.693,2.9,6.4,9.3,5,1.2,0.7,2.6,3.3,21.1,211
214,Jabari Smith Jr.,378,833,455,108,80,191,109,113,22,13,44,33,11,29,38,22,15,5,0,55,5,50,20,45,52,19,578,59,31.9,5,11,0.454,1.8,5,0.363,3.2,6,0.53,0.537,2,2.4,0.811,1.8,6.3,8.1,1.6,0.7,0.8,1.2,2.6,13.7,211
215,Jalen Green,563,1332,769,147,144,384,212,186,56,6,29,35,6,29,30,40,23,3,2,56,1,37,226,22,12,52,852,352,31.7,6.9,16.2,0.423,2.5,7.4,0.332,4.4,8.9,0.498,0.498,3.5,4.3,0.804,0.5,4.7,5.2,3.5,0.8,0.3,2.3,1.4,19.6,193
216,Fred VanVleet,423,1018,595,105,154,128,171,196,59,14,27,25,8,28,19,46,28,8,2,0,4,19,58,0,11,70,840,173,36.8,5.8,13.9,0.416,3.1,8,0.387,2.7,5.9,0.454,0.527,2.7,3.1,0.86,0.5,3.4,3.8,8.1,1.4,0.8,1.7,2.5,17.4,183
217,Jae'Sean Tate,108,229,121,41,3,102,20,10,0,0,14,2,3,30,2,2,0,0,0,6,21,4,1,11,14,11,95,62,15.9,1.7,3.5,0.472,0.4,1.2,0.299,1.3,2.3,0.559,0.522,0.4,0.6,0.667,0.9,2.1,3,1,0.6,0.2,0.6,2.1,4.1,193
218,Aaron Holiday,186,417,231,72,48,71,61,58,9,4,31,14,8,18,11,5,6,1,0,2,5,12,15,0,12,69,320,125,16.3,2.4,5.3,0.446,1.1,2.8,0.387,1.3,2.6,0.51,0.547,0.7,0.8,0.921,0.3,1.3,1.6,1.8,0.5,0.1,0.7,1.6,6.6,183
219,Jock Landale,106,206,100,45,13,102,11,12,5,3,1,6,0,3,3,2,0,0,0,24,24,0,0,18,15,20,82,11,13.6,1.9,3.7,0.515,0.2,0.7,0.25,1.7,3,0.578,0.539,0.9,1.2,0.8,1.6,1.5,3.1,1.2,0.4,0.6,0.6,1.3,4.9,211
220,Dillon Brooks,329,768,439,137,48,178,116,141,5,8,26,15,15,36,27,7,7,2,0,16,17,37,34,18,35,39,494,171,30.9,4.6,10.7,0.428,1.8,5.1,0.359,2.7,5.5,0.492,0.515,1.7,2,0.844,0.7,2.7,3.4,1.7,0.9,0.1,1.2,3.3,12.7,198
221,Jeff Green,167,366,199,64,24,97,17,41,5,6,41,16,5,33,9,2,2,4,0,25,16,20,4,28,33,33,219,63,16.8,2.1,4.7,0.456,0.7,2.1,0.331,1.5,2.6,0.553,0.529,1.6,1.9,0.819,0.6,1.7,2.3,0.9,0.2,0.4,0.6,1.3,6.5,203
222,Amen Thompson,239,446,207,69,13,281,12,14,9,4,12,4,7,6,1,5,8,1,0,97,2,9,4,43,11,23,124,89,22.4,3.9,7.2,0.536,0.1,0.9,0.138,3.7,6.3,0.595,0.545,1.7,2.5,0.684,2.4,4.2,6.6,2.6,1.3,0.6,1.5,2.3,9.5,201
223,Cam Whitmore,212,467,255,59,34,159,77,64,11,1,18,5,1,25,6,2,3,2,0,50,1,2,44,17,4,22,278,85,18.7,4.5,9.9,0.454,1.7,4.7,0.359,2.8,5.3,0.538,0.539,1.6,2.4,0.679,0.9,2.9,3.8,0.7,0.6,0.4,1,1.4,12.3,201
224,Klay Thompson,490,1133,643,111,105,93,212,280,40,6,46,62,2,46,55,47,26,2,0,2,3,54,62,36,29,36,964,91,29.7,6.4,14.7,0.432,3.5,9,0.387,2.9,5.7,0.503,0.551,1.6,1.8,0.927,0.5,2.8,3.3,2.3,0.6,0.5,1.5,1.6,17.9,196
225,Andrew Wiggins,353,780,427,182,35,206,90,79,27,11,16,34,8,33,26,19,13,1,0,38,37,17,30,42,71,43,432,143,27,5,11,0.453,1.3,3.6,0.358,3.7,7.4,0.498,0.511,2,2.7,0.751,1.5,3,4.5,1.7,0.6,0.6,1.2,2.1,13.2,201
226,Kevon Looney,139,233,94,63,0,151,0,0,3,1,0,6,1,0,2,4,1,1,0,28,10,2,1,56,4,7,28,33,16.1,1.9,3.1,0.597,0,0,0,1.9,3.1,0.599,0.597,0.8,1.1,0.675,1.9,3.7,5.7,1.8,0.4,0.4,0.7,2.1,4.5,206
227,Stephen Curry,650,1445,795,197,211,169,294,290,41,12,36,37,8,42,41,34,30,2,1,0,10,25,230,37,19,101,1127,296,32.7,8.8,19.5,0.45,4.8,11.8,0.408,4,7.7,0.515,0.573,4,4.4,0.923,0.5,4,4.5,5.1,0.7,0.4,2.8,1.6,26.4,188
228,Draymond Green,185,372,187,87,30,140,32,25,5,0,21,7,1,20,2,1,0,0,1,8,11,3,1,45,6,25,170,90,27.1,3.4,6.8,0.497,0.9,2.3,0.395,2.4,4.4,0.551,0.566,1,1.3,0.73,1.4,5.9,7.2,6,1,0.9,2.5,3,8.6,198
229,Dario Saric,181,388,207,76,58,87,46,68,9,4,10,10,0,15,3,2,0,0,0,1,23,3,4,21,11,14,245,61,17.2,2.8,6.1,0.466,1.2,3.1,0.376,1.7,3,0.56,0.562,1.2,1.5,0.849,1.1,3.3,4.4,2.3,0.5,0.2,1.2,1.8,8,208
230,Chris Paul,206,467,261,67,40,14,81,47,34,16,15,51,2,22,25,33,16,4,0,0,0,44,15,1,10,22,433,40,26.4,3.6,8.1,0.441,1.3,3.6,0.371,2.2,4.4,0.498,0.525,0.7,0.9,0.827,0.3,3.6,3.9,6.8,1.2,0.1,1.3,1.9,9.2,183
231,Moses Moody,194,420,226,76,23,101,48,74,4,8,26,11,1,29,12,6,1,0,0,21,1,11,12,16,4,31,278,72,17.5,2.9,6.4,0.462,1.1,3,0.36,1.8,3.3,0.555,0.548,1.1,1.4,0.785,1,2,3,0.9,0.6,0.4,0.7,1.4,8.1,196
232,Jonathan Kuminga,456,862,406,235,10,351,50,51,15,15,25,33,5,27,33,5,5,1,1,157,16,58,33,60,62,50,367,219,26.3,6.2,11.6,0.529,0.7,2.2,0.321,5.4,9.4,0.578,0.56,3,4,0.746,1.2,3.6,4.8,2.2,0.7,0.5,1.6,2.3,16.1,203
233,Brandin Podziemski,271,597,326,183,30,140,62,92,11,3,20,7,5,29,6,3,5,1,0,5,32,11,30,33,19,78,339,192,26.6,3.7,8.1,0.454,1.2,3.2,0.385,2.4,4.9,0.499,0.529,0.7,1.1,0.633,1.6,4.2,5.8,3.7,0.8,0.2,1.2,1.6,9.2,196
234,Trayce Jackson-Davis,233,332,99,60,0,269,0,1,0,0,0,1,0,0,1,0,0,0,0,124,11,1,0,116,2,4,7,27,16.6,3.4,4.9,0.702,0,0,0,3.4,4.9,0.704,0.702,1.1,1.9,0.561,2,3,5,1.2,0.4,1.1,0.7,1.6,7.9,206
235,Cade Cunningham,524,1167,643,249,88,302,111,87,77,11,25,53,17,20,36,40,46,5,0,26,27,43,92,12,36,99,742,377,33.5,8.5,18.8,0.449,1.9,5.4,0.355,6.5,13.4,0.487,0.5,3.8,4.4,0.869,0.5,3.8,4.3,7.5,0.9,0.4,3.4,2.5,22.7,198
236,Killian Hayes,117,283,166,77,11,25,22,20,27,13,11,15,8,10,29,5,10,0,0,5,0,24,25,4,8,32,253,34,24,2.8,6.7,0.413,0.5,1.8,0.297,2.3,5,0.455,0.452,0.8,1.2,0.66,0.3,2.6,2.8,4.9,0.9,0.5,1.2,1.8,6.9,196
237,Jalen Duren,349,564,215,142,2,385,2,0,4,8,0,7,3,0,3,6,2,0,0,167,62,8,4,71,37,39,85,111,29.1,5.7,9.2,0.619,0,0.1,0,5.7,9.2,0.623,0.619,2.3,3,0.79,3.1,8.5,11.6,2.4,0.5,0.8,2.1,3.1,13.8,208
238,Isaiah Stewart,186,382,196,49,33,143,33,45,5,3,32,4,2,32,0,0,1,0,0,27,26,0,1,30,7,16,199,28,30.9,4,8.3,0.487,1.5,3.8,0.383,2.6,4.5,0.575,0.575,1.4,1.8,0.753,1.6,5,6.6,1.6,0.4,0.8,1.4,2.2,10.9,203
239,Ausar Thompson,232,480,248,83,8,235,19,15,4,4,35,6,5,31,22,5,3,4,1,88,7,23,3,24,25,17,191,84,25.1,3.7,7.6,0.483,0.3,1.8,0.186,3.3,5.8,0.575,0.505,1.1,1.9,0.597,2,4.3,6.4,1.9,1.1,0.9,1.3,2.8,8.8,201
240,Marcus Sasser,219,512,293,98,60,58,86,57,21,12,17,23,10,20,11,18,21,0,0,1,0,4,99,2,1,87,451,103,19,3.1,7.2,0.428,1.3,3.4,0.375,1.8,3.8,0.474,0.516,0.8,0.9,0.879,0.2,1.6,1.8,3.3,0.6,0.2,1.3,1.5,8.3,188
241,James Wiseman,187,305,118,95,1,178,0,0,9,4,0,5,4,0,4,4,0,1,0,86,51,8,2,39,41,25,61,21,17.3,3,4.8,0.613,0,0,0,3,4.8,0.617,0.613,1.1,1.6,0.706,1.7,3.6,5.3,0.9,0.2,0.6,1,2.2,7.1,213
242,Jaden Ivey,417,973,556,190,53,291,117,110,19,14,29,27,14,54,29,16,4,6,0,15,0,21,41,9,9,106,614,274,28.8,5.4,12.6,0.429,1.6,4.8,0.336,3.8,7.8,0.485,0.492,2.9,3.9,0.749,1.1,2.3,3.4,3.8,0.7,0.5,2.5,2.6,15.4,193
243,Nikola Jokic,822,1411,589,496,110,477,43,62,78,24,3,39,15,5,29,16,6,8,0,18,241,72,25,69,259,202,652,278,34.6,10.4,17.9,0.583,1.1,2.9,0.359,9.4,14.9,0.626,0.612,4.5,5.5,0.817,2.8,9.5,12.4,9,1.4,0.9,3,2.5,26.4,211
244,Aaron Gordon,398,716,318,69,12,463,32,37,4,5,27,14,4,29,13,3,3,1,0,183,14,36,20,49,27,9,194,150,31.5,5.5,9.8,0.556,0.5,1.9,0.29,4.9,7.9,0.619,0.584,2.4,3.7,0.658,2.4,4.1,6.5,3.5,0.8,0.6,1.4,1.9,13.9,203
245,Kentavious Caldwell-Pope,270,587,317,42,37,125,69,81,42,1,62,7,3,59,20,18,21,0,0,12,1,19,11,13,5,16,441,65,31.6,3.6,7.7,0.46,1.6,4.1,0.406,1.9,3.7,0.52,0.566,1.3,1.5,0.894,0.4,2,2.4,2.4,1.3,0.6,1,2,10.1,196
246,Michael Porter Jr.,522,1079,557,92,110,219,187,134,52,2,35,34,6,87,58,34,28,1,0,59,5,33,99,52,20,56,829,109,31.7,6.4,13.3,0.484,2.7,6.8,0.397,3.7,6.5,0.575,0.586,1.1,1.4,0.836,1.3,5.7,7,1.5,0.5,0.7,1.1,1.8,16.7,208
247,Jamal Murray,474,986,512,159,101,208,120,79,64,12,15,37,13,24,66,35,51,2,0,19,2,98,139,20,95,81,667,220,31.5,8,16.7,0.481,2.5,5.8,0.425,5.6,10.9,0.51,0.554,2.7,3.1,0.853,0.7,3.4,4.1,6.5,1,0.7,2.1,1.8,21.2,193
248,Reggie Jackson,326,756,430,151,54,184,89,77,23,9,31,21,12,29,23,30,19,4,0,8,15,29,51,19,16,113,513,262,22.2,4,9.2,0.431,1.2,3.5,0.359,2.7,5.8,0.475,0.499,1,1.2,0.806,0.4,1.5,1.9,3.8,0.5,0.2,1.3,1.8,10.2,188
249,Peyton Watson,208,447,239,82,11,171,29,37,5,7,37,13,1,32,11,3,2,6,0,64,4,18,4,38,26,20,230,53,18.6,2.6,5.6,0.465,0.6,1.9,0.296,2,3.7,0.553,0.516,0.9,1.3,0.67,0.7,2.5,3.2,1.1,0.5,1.1,0.7,1.8,6.7,203
250,Christian Braun,222,483,261,79,36,212,37,32,4,2,24,7,1,34,7,4,3,1,0,33,15,5,16,36,10,45,237,117,20.2,2.7,5.9,0.46,0.8,2,0.384,1.9,3.9,0.498,0.525,1.1,1.6,0.694,1,2.8,3.7,1.6,0.5,0.4,0.7,1.7,7.3,198
251,Julian Strawther,82,222,140,33,26,37,57,39,1,1,6,2,3,10,5,1,1,0,0,2,4,1,1,5,0,37,183,53,10.9,1.6,4.4,0.369,0.8,2.8,0.297,0.8,1.7,0.488,0.462,0.4,0.6,0.71,0.1,1.1,1.2,0.9,0.3,0.1,0.5,1.1,4.5,201
252,Derrick Jones Jr.,239,495,256,56,14,188,38,39,0,3,73,4,1,75,2,1,1,0,0,78,1,2,5,23,3,25,273,114,23.5,3.1,6.5,0.483,1.1,3.1,0.343,2.1,3.4,0.613,0.566,1.3,1.8,0.713,1.1,2.2,3.3,1,0.7,0.7,0.9,1.6,8.6,196
253,Dereck Lively II,221,296,75,45,0,245,0,0,0,2,1,0,0,1,1,1,0,0,0,156,38,0,0,59,23,5,8,11,23.5,4,5.4,0.747,0,0,0,4,5.3,0.752,0.747,0.7,1.5,0.506,2.5,4.4,6.9,1.1,0.7,1.4,0.9,2.6,8.8,216
254,Luka Doncic,804,1652,848,282,220,266,294,199,48,38,11,73,18,15,97,32,54,5,0,2,14,181,539,15,132,214,1227,395,37.5,11.5,23.6,0.487,4.1,10.6,0.382,7.4,13,0.573,0.573,6.8,8.7,0.786,0.8,8.4,9.2,9.8,1.4,0.5,4,2.1,,198
255,Kyrie Irving,562,1131,569,231,93,209,142,112,26,23,34,85,20,39,56,38,22,1,0,7,13,102,51,21,44,108,836,253,35,9.7,19.5,0.497,3,7.3,0.411,6.7,12.2,0.548,0.573,3.3,3.6,0.905,0.8,4.2,5,5.2,1.3,0.5,1.8,1.9,25.6,188
256,Grant Williams,276,605,329,84,58,137,79,84,6,4,45,16,6,69,11,2,3,1,0,11,6,28,7,15,29,37,429,88,28,3.6,8,0.456,1.7,4.4,0.375,2,3.5,0.558,0.56,1.4,1.8,0.757,1.1,3.1,4.2,2.3,0.6,0.5,1.4,3,10.3,198
257,Tim Hardaway Jr.,392,976,584,79,141,112,124,174,39,9,82,41,5,73,42,29,23,3,0,16,3,19,48,10,9,76,846,125,26.8,5,12.4,0.402,2.7,7.6,0.353,2.3,4.8,0.478,0.51,1.8,2.1,0.852,0.3,2.9,3.2,1.8,0.5,0.1,0.9,1.3,14.4,196
258,Josh Green,179,374,195,47,13,117,25,28,4,3,67,4,0,53,5,4,3,0,1,34,0,2,5,10,3,23,234,79,26.4,3.1,6.6,0.479,1.3,3.3,0.385,1.9,3.3,0.572,0.575,0.7,1,0.684,0.7,2.5,3.2,2.3,0.8,0.2,1.1,1.9,8.2,196
259,Jaden Hardy,195,479,284,88,45,94,64,53,17,6,24,11,5,34,10,17,7,4,0,11,0,29,48,4,11,35,354,103,13.5,2.7,6.6,0.407,1.1,3.1,0.362,1.6,3.5,0.447,0.492,0.8,1,0.776,0.3,1.5,1.8,1.5,0.3,0.1,0.8,1.1,7.3,193
260,Seth Curry,80,204,124,18,8,15,30,29,8,2,19,17,1,21,3,20,12,1,0,0,0,4,15,3,4,14,182,27,14,1.8,4.6,0.392,0.9,2.5,0.352,1,2.2,0.438,0.485,0.6,0.7,0.903,0.4,1.1,1.5,1,0.5,0.1,0.5,0.9,5.1,185
261,Dante Exum,161,302,141,54,8,124,19,32,5,3,22,1,2,25,2,1,2,2,0,17,11,4,1,12,7,17,147,109,19.8,2.9,5.5,0.533,1,2,0.491,2,3.5,0.557,0.621,1,1.2,0.779,0.5,2.3,2.7,2.9,0.4,0.1,0.9,1.5,7.8,196
262,P.J. Washington,354,811,457,165,64,195,135,96,3,8,50,10,6,66,6,4,1,2,0,49,47,3,22,23,31,105,557,163,30.4,4.8,11.1,0.436,1.8,5.7,0.32,3,5.5,0.558,0.518,1.4,2,0.683,1.2,4.5,5.6,1.9,1,0.8,1.3,2.3,12.9,201
263,Evan Mobley,320,553,233,156,12,293,12,9,9,9,16,6,4,10,10,5,2,0,0,133,64,26,2,61,70,42,165,93,30.6,6.4,11,0.58,0.4,1.2,0.373,6,9.9,0.604,0.6,2.5,3.4,0.719,2.2,7.1,9.4,3.2,0.9,1.4,1.8,2.7,15.7,211
264,Donovan Mitchell,503,1089,586,134,124,264,198,145,36,21,13,34,5,13,27,40,34,1,0,21,4,14,128,8,24,110,787,288,35.3,9.1,19.8,0.462,3.3,9,0.368,5.8,10.8,0.539,0.545,5,5.8,0.865,0.8,4.3,5.1,6.1,1.8,0.5,2.8,2.1,26.6,190
265,Max Strus,304,728,424,42,59,190,147,156,5,1,42,3,0,72,6,2,0,3,0,26,3,8,11,39,4,23,519,100,32,4.3,10.4,0.418,2.4,6.8,0.351,1.9,3.6,0.546,0.533,1.1,1.4,0.794,0.9,3.9,4.8,4,0.9,0.4,1.6,2.4,12.2,196
266,Jarrett Allen,519,819,300,233,2,513,1,1,19,7,1,14,6,1,12,6,3,0,0,199,171,2,0,125,49,68,140,111,31.7,6.7,10.6,0.634,0,0.1,0,6.7,10.6,0.638,0.634,3,4.1,0.742,3.2,7.4,10.5,2.7,0.7,1.1,1.6,1.9,16.5,211
267,Darius Garland,375,841,466,170,95,180,115,94,27,10,27,22,14,25,23,22,17,0,0,0,2,17,82,7,8,155,635,279,33.4,6.6,14.8,0.446,2.3,6.2,0.371,4.3,8.5,0.501,0.524,2.6,3.1,0.834,0.5,2.1,2.7,6.5,1.3,0.1,3.1,1.7,18,185
268,Georges Niang,284,632,348,103,36,90,122,95,2,8,64,15,3,79,14,1,0,0,0,0,29,4,24,20,19,87,502,137,22.3,3.5,7.7,0.449,1.8,4.8,0.376,1.6,2.9,0.572,0.567,0.6,0.7,0.85,0.3,3.1,3.4,1.2,0.4,0.2,0.9,2.3,9.4,201
269,Isaac Okoro,235,480,245,51,2,204,25,47,0,7,89,1,0,51,0,1,1,1,0,22,9,1,5,21,5,31,255,120,27.3,3.4,7,0.49,1.2,3.1,0.391,2.2,3.8,0.57,0.577,1.3,2,0.679,1,2,3,1.9,0.8,0.5,0.8,2,9.4,196
270,Caris LeVert,345,820,475,157,57,249,118,87,9,21,25,23,9,43,12,6,2,2,0,35,3,38,52,16,18,88,534,245,28.8,5.1,12.1,0.421,1.6,4.9,0.325,3.5,7.2,0.486,0.487,2.3,3,0.766,0.6,3.5,4.1,5.1,1.1,0.5,1.7,1.8,14,198
271,Craig Porter Jr.,116,228,112,50,5,82,12,10,9,5,3,13,5,3,14,9,7,1,0,10,3,14,30,9,22,37,127,83,12.7,2.3,4.5,0.509,0.2,0.7,0.353,2,3.8,0.536,0.535,0.8,1.1,0.732,0.4,1.7,2.1,2.3,0.4,0.3,0.9,0.8,5.6,188
272,Dean Wade,96,232,136,4,17,18,47,62,3,1,41,2,0,35,1,1,0,0,0,7,0,4,3,6,5,0,211,3,20.5,1.8,4.3,0.414,1.5,3.7,0.391,0.3,0.6,0.567,0.584,0.4,0.5,0.769,0.7,3.4,4,0.8,0.7,0.5,0.4,1.7,5.4,206
273,Sam Merrill,158,393,235,17,64,16,122,95,0,1,29,4,0,43,0,0,1,1,0,0,1,2,9,6,2,10,369,23,17.5,2.6,6.4,0.402,2.3,5.8,0.404,0.2,0.6,0.385,0.584,0.4,0.5,0.929,0.4,1.6,2,1.8,0.3,0.1,0.3,1.2,8,193
274,Torrey Craig,108,251,143,25,15,61,39,27,4,1,31,1,2,41,0,1,3,0,0,5,0,8,7,11,3,11,183,24,19.8,2,4.7,0.43,1.1,2.9,0.392,0.9,1.8,0.49,0.55,0.5,0.7,0.75,1.3,2.8,4.1,1.1,0.6,0.4,0.6,2.1,5.7,201
275,DeMar DeRozan,650,1355,705,253,49,301,71,34,157,9,26,98,18,45,159,57,76,1,1,26,3,130,51,11,211,83,926,338,37.8,8.2,17.2,0.48,0.9,2.8,0.333,7.3,14.3,0.509,0.507,6.6,7.7,0.853,0.5,3.8,4.3,5.3,1.1,0.6,1.7,2,24,198
276,Coby White,541,1209,668,159,120,338,210,147,15,17,29,34,8,46,41,24,17,4,0,14,4,42,80,2,26,122,828,388,36.5,6.8,15.3,0.447,2.6,7,0.376,4.2,8.3,0.508,0.534,2.8,3.3,0.838,0.6,4,4.5,5.1,0.7,0.2,2.1,2.4,19.1,196
277,Zach LaVine,170,376,206,25,42,115,62,34,8,2,14,12,2,17,13,19,11,0,0,15,4,20,59,5,6,11,243,100,34.9,6.8,15,0.452,2.4,6.8,0.349,4.4,8.3,0.536,0.531,3.5,4.1,0.854,0.3,4.8,5.2,3.9,0.8,0.3,2.1,2.3,19.5,196
278,Nikola Vucevic,586,1211,625,331,158,327,83,52,43,6,11,53,12,9,82,16,28,0,0,37,211,59,2,58,206,133,648,135,34.3,7.7,15.9,0.484,1.2,4.1,0.294,6.5,11.8,0.55,0.522,1.4,1.7,0.822,2.8,7.8,10.5,3.3,0.7,0.8,1.6,2.5,18,208
279,Jevon Carter,138,365,227,40,33,20,79,60,9,5,24,18,1,37,18,12,8,1,0,0,0,9,34,0,6,42,342,53,13.9,1.9,5.1,0.378,1.1,3.3,0.329,0.8,1.8,0.466,0.484,0.1,0.1,0.571,0.2,0.7,0.8,1.3,0.5,0.2,0.5,1,5,185
280,Alex Caruso,253,541,288,53,29,128,93,85,6,4,63,3,0,62,4,4,7,0,0,17,3,9,20,14,8,24,398,77,28.7,3.6,7.6,0.468,1.9,4.7,0.408,1.6,2.9,0.563,0.593,1,1.4,0.76,0.9,3,3.8,3.5,1.7,1,1.4,2.5,10.1,196
281,Andre Drummond,267,480,213,99,0,373,0,0,0,2,0,1,0,0,2,0,0,3,0,77,72,1,0,41,34,23,32,70,17.1,3.4,6.1,0.556,0,0,0,3.4,6,0.56,0.556,1.6,2.8,0.592,3.4,5.6,9,0.5,0.9,0.6,1,1.8,8.4,211
282,Patrick Williams,159,359,200,47,12,103,38,50,22,2,27,13,4,21,8,8,4,0,0,39,3,16,8,11,15,17,241,72,27.3,3.7,8.3,0.443,1.4,3.4,0.399,2.3,4.9,0.474,0.525,1.2,1.5,0.788,1.1,2.8,3.9,1.5,0.9,0.8,1.3,2,10,201
283,Ayo Dosunmu,360,719,359,86,24,267,54,64,5,7,95,20,6,57,16,8,9,1,0,14,1,3,6,5,2,85,433,229,29.1,4.7,9.5,0.501,1.6,3.9,0.403,3.2,5.6,0.568,0.583,1.1,1.4,0.81,0.7,2.1,2.8,3.2,0.9,0.5,1.4,2.2,12.2,196
284,LaMelo Ball,183,423,240,83,45,116,72,48,4,5,10,5,4,22,3,6,0,0,0,1,2,14,34,1,6,70,291,145,32.3,8.3,19.2,0.433,3.2,9,0.355,5.1,10.3,0.5,0.515,4.1,4.7,0.865,1.3,3.8,5.1,8,1.8,0.2,3.8,3.6,23.9,201
285,Brandon Miller,476,1083,607,196,96,183,163,136,31,16,47,63,7,47,44,27,23,4,0,42,5,38,36,10,31,143,863,199,32.2,6.4,14.6,0.44,2.5,6.7,0.373,3.9,8,0.495,0.524,1.9,2.3,0.827,0.8,3.4,4.3,2.4,0.9,0.6,1.8,2.5,17.3,206
286,Nick Richards,260,376,116,63,0,294,1,0,4,0,0,7,0,0,6,0,1,0,0,133,49,1,0,45,13,7,35,26,26.3,3.9,5.6,0.691,0,0,0,3.9,5.6,0.693,0.691,2,2.7,0.737,2.6,5.5,8,0.8,0.4,1.1,1.1,2.6,9.7,213
287,Bryce McGowens,101,230,129,23,7,86,30,24,5,0,28,4,1,13,5,2,2,0,0,7,4,4,5,8,0,12,132,64,14.9,1.7,3.9,0.439,0.6,1.7,0.333,1.1,2.2,0.523,0.513,1.1,1.4,0.776,0.3,1.4,1.7,0.9,0.4,0.2,0.5,1.3,5.1,201
288,Nick Smith Jr.,113,289,176,43,23,31,44,41,17,2,15,9,8,22,14,12,7,1,0,2,2,7,26,5,5,34,253,36,14.3,2.2,5.7,0.391,1.2,2.9,0.432,1,2.8,0.35,0.5,0.3,0.3,0.867,0.4,1.1,1.4,1.2,0.2,0.1,0.8,1.1,5.9,188
289,Miles Bridges,559,1210,651,185,84,416,113,155,36,7,41,28,12,50,28,29,19,7,0,70,47,51,70,19,48,71,679,365,37.4,8.1,17.5,0.462,2.3,6.5,0.349,5.8,11,0.529,0.527,2.5,3.1,0.825,1,6.3,7.3,3.3,0.9,0.5,2,1.7,21,201
290,Cody Martin,82,215,133,20,13,60,24,17,7,3,10,13,2,22,9,9,6,0,0,7,5,12,11,7,10,11,142,38,26.9,2.9,7.7,0.381,1,3.1,0.314,2,4.6,0.426,0.444,0.7,1.2,0.606,0.7,3.2,3.9,3.7,1.1,0.6,1.6,1.7,7.5,196
291,Mikal Bridges,564,1294,730,220,87,261,164,130,26,17,105,66,25,100,43,24,20,5,1,21,1,153,25,34,48,73,967,223,34.8,6.9,15.8,0.436,2.7,7.2,0.372,4.2,8.6,0.49,0.521,3.1,3.9,0.814,0.8,3.7,4.5,3.6,1,0.4,2,1.4,19.6,198
292,Dorian Finney-Smith,215,511,296,32,49,131,67,94,1,3,63,4,0,61,4,0,0,2,0,29,2,2,7,16,4,20,364,68,28.4,3.2,7.5,0.421,1.7,4.9,0.348,1.4,2.6,0.56,0.535,0.5,0.7,0.717,1.6,3.1,4.7,1.6,0.8,0.6,0.9,2.2,8.5,201
293,Cam Thomas,526,1190,664,267,112,206,121,104,56,17,21,70,29,37,77,26,46,1,0,2,4,65,171,4,38,181,914,360,31.4,8,18,0.442,2.2,6,0.364,5.8,12,0.481,0.503,4.3,5.1,0.856,0.4,2.8,3.2,2.9,0.7,0.2,1.9,2.1,22.5,193
294,Day'Ron Sharpe,168,294,126,50,4,224,3,4,1,0,4,2,0,0,2,0,0,0,0,50,40,2,1,43,20,7,27,30,15.1,2.8,4.8,0.571,0.1,0.2,0.267,2.7,4.6,0.588,0.578,1.2,2,0.61,2.6,3.7,6.4,1.4,0.4,0.7,1.1,2.1,6.8,211
295,Dennis Smith Jr.,147,338,191,48,16,149,37,15,12,1,25,3,2,15,6,7,1,1,0,28,2,9,21,7,10,9,163,103,18.9,2.6,6,0.435,0.6,1.9,0.294,2.1,4.1,0.502,0.482,0.8,1,0.741,0.9,2,2.9,3.6,1.2,0.2,1.2,2.2,6.6,188
296,Lonnie Walker IV,208,492,284,43,55,102,69,83,31,6,28,19,1,35,3,9,7,1,0,9,3,5,39,4,6,29,376,98,17.4,3.6,8.5,0.423,1.8,4.7,0.384,1.8,3.8,0.471,0.528,0.8,1,0.763,0.2,2,2.2,1.3,0.6,0.3,0.9,1.2,9.7,193
297,Cameron Johnson,276,619,343,65,65,127,84,83,14,5,56,19,6,64,9,10,11,1,0,21,1,15,22,15,9,27,460,106,27.6,4.8,10.7,0.446,2.4,6.1,0.391,2.4,4.6,0.519,0.557,1.5,1.9,0.789,0.9,3.4,4.3,2.4,0.8,0.3,1,1.8,13.4,203
298,Trendon Watford,164,311,147,95,10,121,11,23,1,6,11,6,6,13,6,1,1,0,0,7,7,6,1,11,10,83,169,131,13.6,2.6,4.9,0.527,0.4,1.1,0.397,2.2,3.9,0.564,0.571,1.2,1.5,0.794,0.8,2.3,3.1,1.3,0.4,0.3,1,1.7,6.9,206
299,Nic Claxton,366,582,216,154,0,396,0,1,4,5,2,2,6,2,7,1,2,0,0,191,129,1,0,42,56,32,62,87,29.8,5.2,8.2,0.629,0,0.1,0.2,5.1,8.1,0.633,0.63,1.5,2.8,0.551,2.7,7.2,9.9,2.1,0.6,2.1,1.3,2.5,11.8,211
300,Jrue Holiday,331,689,358,120,44,148,104,82,13,9,40,16,13,51,29,12,7,1,0,7,19,34,70,25,39,38,457,134,32.8,4.8,10,0.48,2,4.7,0.429,2.8,5.3,0.526,0.581,0.9,1,0.833,1.2,4.2,5.4,4.8,0.9,0.8,1.8,1.6,12.5,193
301,Jaylen Brown,627,1256,629,240,58,398,145,119,39,8,42,39,16,46,42,31,33,0,0,94,17,116,84,39,106,63,666,325,33.5,9,17.9,0.499,2.1,5.9,0.354,6.9,12.1,0.57,0.557,3,4.3,0.703,1.2,4.3,5.5,3.6,1.2,0.5,2.4,2.6,23,198
302,Jayson Tatum,672,1426,754,156,156,398,231,180,28,12,20,68,14,22,67,36,38,0,0,92,3,118,194,24,88,61,877,378,35.7,9.1,19.3,0.471,3.1,8.2,0.376,6,11,0.542,0.552,5.6,6.7,0.833,0.9,7.2,8.1,4.9,1,0.6,2.5,2,26.9,203
303,Kristaps Porzingis,388,752,364,149,101,213,98,84,35,15,6,6,10,2,10,9,12,2,0,96,12,27,23,54,110,18,481,43,29.6,6.8,13.2,0.516,1.9,5.1,0.375,4.9,8.1,0.606,0.589,4.5,5.3,0.858,1.7,5.5,7.2,2,0.7,1.9,1.6,2.7,20.1,218
304,Sam Hauser,249,558,309,21,61,46,139,139,4,5,72,5,2,51,5,5,0,2,1,9,0,4,6,14,5,13,504,22,22,3.2,7.1,0.446,2.5,5.9,0.424,0.7,1.2,0.559,0.623,0.2,0.2,0.895,0.6,2.9,3.5,1,0.5,0.3,0.4,1.3,9,203
305,Luke Kornet,142,203,61,18,0,180,0,1,0,0,0,2,1,0,1,0,0,0,0,82,7,0,0,44,6,3,4,3,15.6,2.3,3.2,0.7,0,0,1,2.2,3.2,0.698,0.702,0.8,0.9,0.907,1.9,2.3,4.1,1.1,0.4,1,0.3,1.2,5.3,218
306,Derrick White,387,839,452,134,82,137,161,141,12,16,66,10,12,45,8,11,4,0,0,13,3,6,25,16,7,117,665,190,32.6,5.3,11.5,0.461,2.7,6.8,0.396,2.6,4.7,0.555,0.578,1.9,2.1,0.901,0.7,3.5,4.2,5.2,1,1.2,1.5,2.1,15.2,193
307,Payton Pritchard,297,635,338,58,52,112,105,116,13,7,48,24,3,56,10,13,13,5,0,0,0,14,51,3,4,10,494,93,22.3,3.6,7.7,0.468,1.8,4.7,0.385,1.8,3.1,0.593,0.583,0.6,0.7,0.821,0.9,2.4,3.2,3.4,0.5,0.1,0.7,1.3,9.6,185
308,Al Horford,214,419,205,40,26,102,53,74,1,4,61,8,1,44,4,0,1,0,0,19,31,3,1,20,22,4,280,31,26.8,3.3,6.4,0.511,1.7,4,0.419,1.6,2.5,0.658,0.64,0.4,0.5,0.867,1.3,5.1,6.4,2.6,0.6,1,0.7,1.4,8.6,206
309,Dejounte Murray,672,1463,791,299,148,308,180,89,67,13,55,37,29,81,98,17,41,1,0,16,1,58,34,4,52,145,1095,353,35.7,8.6,18.8,0.459,2.6,7.1,0.363,6,11.7,0.518,0.528,2.7,3.4,0.794,0.8,4.5,5.3,6.4,1.4,0.3,2.6,1.8,22.5,196
310,Jalen Johnson,359,702,343,177,39,284,47,52,7,4,32,8,2,29,16,1,3,1,0,105,6,26,11,45,48,92,372,170,33.7,6.4,12.5,0.511,1.3,3.6,0.355,5.1,9,0.574,0.562,1.9,2.6,0.728,1.3,7.4,8.7,3.6,1.2,0.8,1.8,2.4,16,206
311,Bogdan Bogdanovic,471,1100,629,160,57,177,244,191,12,5,72,42,12,72,28,14,8,5,1,9,5,39,73,8,22,99,886,196,30.4,6,13.9,0.428,3,8.1,0.374,2.9,5.8,0.503,0.537,1.9,2.1,0.921,0.7,2.8,3.4,3.1,1.2,0.3,1.4,2.3,16.9,196
312,De'Andre Hunter,304,663,359,96,50,130,78,75,21,6,46,32,7,55,39,15,13,0,0,18,3,19,40,14,31,49,513,117,29.5,5.3,11.6,0.459,2.1,5.3,0.385,3.3,6.3,0.521,0.547,2.9,3.4,0.847,0.5,3.4,3.9,1.5,0.7,0.3,1.5,2.6,15.6,203
313,Clint Capela,353,618,265,125,0,485,0,0,0,2,0,1,1,0,2,1,0,1,0,156,109,2,0,76,36,9,12,45,25.8,4.8,8.5,0.571,0,0,0,4.8,8.5,0.572,0.571,1.8,2.8,0.631,4.6,6,10.6,1.2,0.6,1.5,1,2.2,11.5,208
314,Saddiq Bey,290,697,407,84,23,229,116,41,4,2,49,9,0,128,10,1,0,1,0,46,9,16,23,20,20,13,405,111,32.7,4.6,11.1,0.416,1.8,5.7,0.316,2.8,5.4,0.522,0.497,2.7,3.2,0.837,2.7,3.9,6.5,1.5,0.8,0.2,0.9,1.4,13.7,201
315,Garrison Mathews,103,226,123,13,31,12,51,45,1,0,36,3,0,30,3,0,1,0,0,0,0,4,11,1,1,9,213,13,15,1.6,3.4,0.456,1.3,2.9,0.44,0.3,0.5,0.545,0.644,0.5,0.6,0.81,0.3,1.1,1.4,0.6,0.3,0.1,0.3,1.7,4.9,196
316,Onyeka Okongwu,223,365,142,66,2,227,7,8,0,0,32,2,0,19,0,0,1,1,0,89,38,0,0,67,17,9,82,30,25.5,4.1,6.6,0.611,0.4,1.3,0.333,3.6,5.4,0.676,0.642,1.7,2.1,0.793,2.6,4.2,6.8,1.3,0.5,1.1,0.8,2.9,10.2,203
317,Trae Young,433,1008,575,240,162,149,160,114,28,12,15,25,13,12,29,26,17,5,1,1,0,11,149,4,5,252,811,387,36,8,18.7,0.43,3.2,8.7,0.373,4.8,10,0.479,0.516,6.4,7.5,0.855,0.4,2.3,2.8,10.8,1.3,0.2,4.4,2,25.7,185
